2023-02-07T15:49:42+01:00 ERR (3): Class:     Zend_Db_Adapter_Mysqli_Exception
2023-02-07T15:49:42+01:00 ERR (3): Message:   The Mysqli extension is required for this adapter but the extension is not loaded
2023-02-07T15:49:42+01:00 ERR (3): Stack trace:
2023-02-07T15:49:42+01:00 ERR (3): #0 D:\data\www\lib\gemstracker\r191\trunk\vendor\shardj\zf1-future\library\Zend\Db\Adapter\Abstract.php(460): Zend_Db_Adapter_Mysqli->_connect()
#1 D:\data\www\lib\gemstracker\r191\trunk\vendor\shardj\zf1-future\library\Zend\Db\Adapter\Abstract.php(739): Zend_Db_Adapter_Abstract->query('SELECT grl_id_r...', Array)
#2 D:\data\www\lib\gemstracker\r191\trunk\vendor\gemstracker\gemstracker\classes\Gems\Roles.php(276): Zend_Db_Adapter_Abstract->fetchAll('SELECT grl_id_r...')
#3 D:\data\www\lib\gemstracker\r191\trunk\vendor\gemstracker\gemstracker\classes\Gems\Roles.php(161): Gems_Roles->loadDbAcl()
#4 D:\data\www\lib\gemstracker\r191\trunk\vendor\gemstracker\gemstracker\classes\Gems\Roles.php(213): Gems_Roles->_initAcl()
#5 D:\data\www\lib\gemstracker\r191\trunk\vendor\gemstracker\gemstracker\classes\Gems\Roles.php(262): Gems_Roles->build()
#6 D:\data\www\lib\gemstracker\r191\trunk\vendor\gemstracker\gemstracker\classes\Gems\Roles.php(96): Gems_Roles->load()
#7 D:\data\www\lib\gemstracker\r191\trunk\vendor\magnafacta\mutil\src\MUtil\Loader\PluginLoader.php(151): Gems_Roles->__construct(Object(Knoond_Escort), Object(Gems_Log))
#8 D:\data\www\lib\gemstracker\r191\trunk\vendor\gemstracker\gemstracker\classes\Gems\Loader\LoaderAbstract.php(204): MUtil_Loader_PluginLoader->createClass('Gems_Roles', Array)
#9 D:\data\www\lib\gemstracker\r191\trunk\vendor\gemstracker\gemstracker\classes\Gems\Loader\LoaderAbstract.php(148): Gems_Loader_LoaderAbstract->_loadClass('roles', true, Array)
#10 D:\data\www\lib\gemstracker\r191\trunk\vendor\gemstracker\gemstracker\classes\Gems\Loader.php(375): Gems_Loader_LoaderAbstract->_getClass('roles', 'roles', Array)
#11 D:\data\www\lib\gemstracker\r191\trunk\vendor\gemstracker\gemstracker\classes\GemsEscort.php(681): Gems_Loader->getRoles(Object(Knoond_Escort))
#12 D:\data\www\lib\gemstracker\r191\trunk\vendor\shardj\zf1-future\library\Zend\Application\Bootstrap\BootstrapAbstract.php(681): GemsEscort->_initAcl()
#13 D:\data\www\lib\gemstracker\r191\trunk\vendor\shardj\zf1-future\library\Zend\Application\Bootstrap\BootstrapAbstract.php(644): Zend_Application_Bootstrap_BootstrapAbstract->_executeResource('acl')
#14 D:\data\www\lib\gemstracker\r191\trunk\vendor\shardj\zf1-future\library\Zend\Application\Bootstrap\BootstrapAbstract.php(598): Zend_Application_Bootstrap_BootstrapAbstract->_bootstrap(Array)
#15 D:\data\www\lib\gemstracker\r191\trunk\vendor\gemstracker\gemstracker\classes\GemsEscort.php(963): Zend_Application_Bootstrap_BootstrapAbstract->bootstrap(Array)
#16 D:\data\www\lib\gemstracker\r191\trunk\vendor\shardj\zf1-future\library\Zend\Application\Bootstrap\BootstrapAbstract.php(681): GemsEscort->_initCurrentUser()
#17 D:\data\www\lib\gemstracker\r191\trunk\vendor\shardj\zf1-future\library\Zend\Application\Bootstrap\BootstrapAbstract.php(644): Zend_Application_Bootstrap_BootstrapAbstract->_executeResource('currentuser')
#18 D:\data\www\lib\gemstracker\r191\trunk\vendor\shardj\zf1-future\library\Zend\Application\Bootstrap\BootstrapAbstract.php(598): Zend_Application_Bootstrap_BootstrapAbstract->_bootstrap(Array)
#19 D:\data\www\lib\gemstracker\r191\trunk\library\EMC\Escort.php(170): Zend_Application_Bootstrap_BootstrapAbstract->bootstrap(Array)
#20 D:\data\www\lib\gemstracker\r191\trunk\vendor\shardj\zf1-future\library\Zend\Application\Bootstrap\BootstrapAbstract.php(681): EMC\Escort->_initMultiLS()
#21 D:\data\www\lib\gemstracker\r191\trunk\vendor\shardj\zf1-future\library\Zend\Application\Bootstrap\BootstrapAbstract.php(634): Zend_Application_Bootstrap_BootstrapAbstract->_executeResource('multils')
#22 D:\data\www\lib\gemstracker\r191\trunk\vendor\shardj\zf1-future\library\Zend\Application\Bootstrap\BootstrapAbstract.php(598): Zend_Application_Bootstrap_BootstrapAbstract->_bootstrap('multils')
#23 D:\data\www\lib\gemstracker\r191\trunk\vendor\shardj\zf1-future\library\Zend\Application.php(389): Zend_Application_Bootstrap_BootstrapAbstract->bootstrap(NULL)
#24 D:\data\www\lib\gemstracker\r191\trunk\vendor\gemstracker\gemstracker\pre_bootstrap.php(55): Zend_Application->bootstrap()
#25 D:\data\www\html\knoond\index.php(113): require('D:\\data\\www\\lib...')
#26 {main}
2023-09-21T15:46:58+02:00 ERR (3): Mysqli statement execute error : Incorrect decimal value: '' for column '131838X596X12140' at row 1
#0 D:\data\www\lib\gemstracker\r191\trunk\vendor\shardj\zf1-future\library\Zend\Db\Statement.php(303): Zend_Db_Statement_Mysqli->_execute()
#1 D:\data\www\lib\gemstracker\r191\trunk\vendor\shardj\zf1-future\library\Zend\Db\Adapter\Abstract.php(480): Zend_Db_Statement->execute()
#2 D:\data\www\lib\gemstracker\r191\trunk\vendor\shardj\zf1-future\library\Zend\Db\Adapter\Abstract.php(636): Zend_Db_Adapter_Abstract->query()
#3 D:\data\www\lib\gemstracker\r191\trunk\vendor\gemstracker\gemstracker\classes\Gems\Tracker\Source\LimeSurvey1m9Database.php(1485): Zend_Db_Adapter_Abstract->update()
#4 D:\data\www\lib\gemstracker\r191\trunk\vendor\gemstracker\gemstracker\classes\Gems\Tracker\Token.php(2009): Gems_Tracker_Source_LimeSurvey1m9Database->setRawTokenAnswers()
#5 D:\data\www\lib\gemstracker\r191\trunk\vendor\gemstracker\gemstracker\classes\Gems\Task\Import\SaveAnswerTask.php(208): Gems_Tracker_Token->setRawAnswers()
#6 D:\data\www\lib\gemstracker\r191\trunk\vendor\magnafacta\mutil\src\MUtil\Task\TaskBatch.php(170): Gems_Task_Import_SaveAnswerTask->execute()
#7 D:\data\www\lib\gemstracker\r191\trunk\vendor\magnafacta\mutil\src\MUtil\Batch\BatchAbstract.php(1331): MUtil_Task_TaskBatch->runTask()
#8 D:\data\www\lib\gemstracker\r191\trunk\vendor\magnafacta\mutil\src\MUtil\Batch\BatchAbstract.php(1003): MUtil_Batch_BatchAbstract->step()
#9 D:\data\www\lib\gemstracker\r191\trunk\vendor\magnafacta\mutil\src\MUtil\Snippets\Standard\ModelImportSnippet.php(372): MUtil_Batch_BatchAbstract->run()
#10 D:\data\www\lib\gemstracker\r191\trunk\vendor\magnafacta\mutil\src\MUtil\Snippets\Standard\ModelImportSnippet.php(439): MUtil_Snippets_Standard_ModelImportSnippet->addStep5()
#11 D:\data\www\lib\gemstracker\r191\trunk\vendor\magnafacta\mutil\src\MUtil\Snippets\WizardFormSnippetAbstract.php(258): MUtil_Snippets_Standard_ModelImportSnippet->addStepElementsFor()
#12 D:\data\www\lib\gemstracker\r191\trunk\vendor\gemstracker\gemstracker\classes\Gems\Snippets\Survey\AnswerImportSnippet.php(215): MUtil_Snippets_WizardFormSnippetAbstract->addFormElementsFor()
#13 D:\data\www\lib\gemstracker\r191\trunk\vendor\magnafacta\mutil\src\MUtil\Snippets\WizardFormSnippetAbstract.php(493): Gems_Snippets_Survey_AnswerImportSnippet->getFormFor()
#14 D:\data\www\lib\gemstracker\r191\trunk\vendor\magnafacta\mutil\src\MUtil\Snippets\WizardFormSnippetAbstract.php(538): MUtil_Snippets_WizardFormSnippetAbstract->loadFormFor()
#15 D:\data\www\lib\gemstracker\r191\trunk\vendor\magnafacta\mutil\src\MUtil\Snippets\ModelFormSnippetAbstract.php(446): MUtil_Snippets_WizardFormSnippetAbstract->processForm()
#16 D:\data\www\lib\gemstracker\r191\trunk\vendor\magnafacta\mutil\src\MUtil\Snippets\Standard\ModelImportSnippet.php(910): MUtil_Snippets_ModelFormSnippetAbstract->hasHtmlOutput()
#17 D:\data\www\lib\gemstracker\r191\trunk\vendor\magnafacta\mutil\src\MUtil\Controller\Action.php(204): MUtil_Snippets_Standard_ModelImportSnippet->hasHtmlOutput()
#18 D:\data\www\lib\gemstracker\r191\trunk\vendor\gemstracker\gemstracker\classes\Gems\Default\FileImportAction.php(47): MUtil_Controller_Action->addSnippets()
#19 D:\data\www\lib\gemstracker\r191\trunk\vendor\shardj\zf1-future\library\Zend\Controller\Action.php(516): Gems_Default_FileImportAction->answersImportAction()
#20 D:\data\www\lib\gemstracker\r191\trunk\vendor\shardj\zf1-future\library\Zend\Controller\Dispatcher\Standard.php(308): Zend_Controller_Action->dispatch()
#21 D:\data\www\lib\gemstracker\r191\trunk\vendor\shardj\zf1-future\library\Zend\Controller\Front.php(954): Zend_Controller_Dispatcher_Standard->dispatch()
#22 D:\data\www\lib\gemstracker\r191\trunk\vendor\shardj\zf1-future\library\Zend\Application\Bootstrap\Bootstrap.php(105): Zend_Controller_Front->dispatch()
#23 D:\data\www\lib\gemstracker\r191\trunk\vendor\magnafacta\mutil\src\MUtil\Application\Escort.php(409): Zend_Application_Bootstrap_Bootstrap->run()
#24 D:\data\www\lib\gemstracker\r191\trunk\vendor\shardj\zf1-future\library\Zend\Application.php(400): MUtil_Application_Escort->run()
#25 D:\data\www\lib\gemstracker\r191\trunk\vendor\gemstracker\gemstracker\pre_bootstrap.php(56): Zend_Application->run()
#26 D:\data\www\html\knoond\index.php(113): require('D:\\data\\www\\lib...')
#27 {main}
2023-09-21T15:53:31+02:00 ERR (3): Mysqli statement execute error : Incorrect decimal value: '' for column '131838X596X12140' at row 1
#0 D:\data\www\lib\gemstracker\r191\trunk\vendor\shardj\zf1-future\library\Zend\Db\Statement.php(303): Zend_Db_Statement_Mysqli->_execute()
#1 D:\data\www\lib\gemstracker\r191\trunk\vendor\shardj\zf1-future\library\Zend\Db\Adapter\Abstract.php(480): Zend_Db_Statement->execute()
#2 D:\data\www\lib\gemstracker\r191\trunk\vendor\shardj\zf1-future\library\Zend\Db\Adapter\Abstract.php(636): Zend_Db_Adapter_Abstract->query()
#3 D:\data\www\lib\gemstracker\r191\trunk\vendor\gemstracker\gemstracker\classes\Gems\Tracker\Source\LimeSurvey1m9Database.php(1485): Zend_Db_Adapter_Abstract->update()
#4 D:\data\www\lib\gemstracker\r191\trunk\vendor\gemstracker\gemstracker\classes\Gems\Tracker\Token.php(2009): Gems_Tracker_Source_LimeSurvey1m9Database->setRawTokenAnswers()
#5 D:\data\www\lib\gemstracker\r191\trunk\vendor\gemstracker\gemstracker\classes\Gems\Task\Import\SaveAnswerTask.php(208): Gems_Tracker_Token->setRawAnswers()
#6 D:\data\www\lib\gemstracker\r191\trunk\vendor\magnafacta\mutil\src\MUtil\Task\TaskBatch.php(170): Gems_Task_Import_SaveAnswerTask->execute()
#7 D:\data\www\lib\gemstracker\r191\trunk\vendor\magnafacta\mutil\src\MUtil\Batch\BatchAbstract.php(1331): MUtil_Task_TaskBatch->runTask()
#8 D:\data\www\lib\gemstracker\r191\trunk\vendor\magnafacta\mutil\src\MUtil\Batch\BatchAbstract.php(1003): MUtil_Batch_BatchAbstract->step()
#9 D:\data\www\lib\gemstracker\r191\trunk\vendor\magnafacta\mutil\src\MUtil\Snippets\Standard\ModelImportSnippet.php(372): MUtil_Batch_BatchAbstract->run()
#10 D:\data\www\lib\gemstracker\r191\trunk\vendor\magnafacta\mutil\src\MUtil\Snippets\Standard\ModelImportSnippet.php(439): MUtil_Snippets_Standard_ModelImportSnippet->addStep5()
#11 D:\data\www\lib\gemstracker\r191\trunk\vendor\magnafacta\mutil\src\MUtil\Snippets\WizardFormSnippetAbstract.php(258): MUtil_Snippets_Standard_ModelImportSnippet->addStepElementsFor()
#12 D:\data\www\lib\gemstracker\r191\trunk\vendor\gemstracker\gemstracker\classes\Gems\Snippets\Survey\AnswerImportSnippet.php(215): MUtil_Snippets_WizardFormSnippetAbstract->addFormElementsFor()
#13 D:\data\www\lib\gemstracker\r191\trunk\vendor\magnafacta\mutil\src\MUtil\Snippets\WizardFormSnippetAbstract.php(493): Gems_Snippets_Survey_AnswerImportSnippet->getFormFor()
#14 D:\data\www\lib\gemstracker\r191\trunk\vendor\magnafacta\mutil\src\MUtil\Snippets\WizardFormSnippetAbstract.php(538): MUtil_Snippets_WizardFormSnippetAbstract->loadFormFor()
#15 D:\data\www\lib\gemstracker\r191\trunk\vendor\magnafacta\mutil\src\MUtil\Snippets\ModelFormSnippetAbstract.php(446): MUtil_Snippets_WizardFormSnippetAbstract->processForm()
#16 D:\data\www\lib\gemstracker\r191\trunk\vendor\magnafacta\mutil\src\MUtil\Snippets\Standard\ModelImportSnippet.php(910): MUtil_Snippets_ModelFormSnippetAbstract->hasHtmlOutput()
#17 D:\data\www\lib\gemstracker\r191\trunk\vendor\magnafacta\mutil\src\MUtil\Controller\Action.php(204): MUtil_Snippets_Standard_ModelImportSnippet->hasHtmlOutput()
#18 D:\data\www\lib\gemstracker\r191\trunk\vendor\gemstracker\gemstracker\classes\Gems\Default\FileImportAction.php(47): MUtil_Controller_Action->addSnippets()
#19 D:\data\www\lib\gemstracker\r191\trunk\vendor\shardj\zf1-future\library\Zend\Controller\Action.php(516): Gems_Default_FileImportAction->answersImportAction()
#20 D:\data\www\lib\gemstracker\r191\trunk\vendor\shardj\zf1-future\library\Zend\Controller\Dispatcher\Standard.php(308): Zend_Controller_Action->dispatch()
#21 D:\data\www\lib\gemstracker\r191\trunk\vendor\shardj\zf1-future\library\Zend\Controller\Front.php(954): Zend_Controller_Dispatcher_Standard->dispatch()
#22 D:\data\www\lib\gemstracker\r191\trunk\vendor\shardj\zf1-future\library\Zend\Application\Bootstrap\Bootstrap.php(105): Zend_Controller_Front->dispatch()
#23 D:\data\www\lib\gemstracker\r191\trunk\vendor\magnafacta\mutil\src\MUtil\Application\Escort.php(409): Zend_Application_Bootstrap_Bootstrap->run()
#24 D:\data\www\lib\gemstracker\r191\trunk\vendor\shardj\zf1-future\library\Zend\Application.php(400): MUtil_Application_Escort->run()
#25 D:\data\www\lib\gemstracker\r191\trunk\vendor\gemstracker\gemstracker\pre_bootstrap.php(56): Zend_Application->run()
#26 D:\data\www\html\knoond\index.php(113): require('D:\\data\\www\\lib...')
#27 {main}
2023-09-21T15:54:24+02:00 ERR (3): Mysqli statement execute error : Incorrect decimal value: '' for column '131838X596X12140' at row 1
#0 D:\data\www\lib\gemstracker\r191\trunk\vendor\shardj\zf1-future\library\Zend\Db\Statement.php(303): Zend_Db_Statement_Mysqli->_execute()
#1 D:\data\www\lib\gemstracker\r191\trunk\vendor\shardj\zf1-future\library\Zend\Db\Adapter\Abstract.php(480): Zend_Db_Statement->execute()
#2 D:\data\www\lib\gemstracker\r191\trunk\vendor\shardj\zf1-future\library\Zend\Db\Adapter\Abstract.php(636): Zend_Db_Adapter_Abstract->query()
#3 D:\data\www\lib\gemstracker\r191\trunk\vendor\gemstracker\gemstracker\classes\Gems\Tracker\Source\LimeSurvey1m9Database.php(1485): Zend_Db_Adapter_Abstract->update()
#4 D:\data\www\lib\gemstracker\r191\trunk\vendor\gemstracker\gemstracker\classes\Gems\Tracker\Token.php(2009): Gems_Tracker_Source_LimeSurvey1m9Database->setRawTokenAnswers()
#5 D:\data\www\lib\gemstracker\r191\trunk\vendor\gemstracker\gemstracker\classes\Gems\Task\Import\SaveAnswerTask.php(208): Gems_Tracker_Token->setRawAnswers()
#6 D:\data\www\lib\gemstracker\r191\trunk\vendor\magnafacta\mutil\src\MUtil\Task\TaskBatch.php(170): Gems_Task_Import_SaveAnswerTask->execute()
#7 D:\data\www\lib\gemstracker\r191\trunk\vendor\magnafacta\mutil\src\MUtil\Batch\BatchAbstract.php(1331): MUtil_Task_TaskBatch->runTask()
#8 D:\data\www\lib\gemstracker\r191\trunk\vendor\magnafacta\mutil\src\MUtil\Batch\BatchAbstract.php(1003): MUtil_Batch_BatchAbstract->step()
#9 D:\data\www\lib\gemstracker\r191\trunk\vendor\magnafacta\mutil\src\MUtil\Snippets\Standard\ModelImportSnippet.php(372): MUtil_Batch_BatchAbstract->run()
#10 D:\data\www\lib\gemstracker\r191\trunk\vendor\magnafacta\mutil\src\MUtil\Snippets\Standard\ModelImportSnippet.php(439): MUtil_Snippets_Standard_ModelImportSnippet->addStep5()
#11 D:\data\www\lib\gemstracker\r191\trunk\vendor\magnafacta\mutil\src\MUtil\Snippets\WizardFormSnippetAbstract.php(258): MUtil_Snippets_Standard_ModelImportSnippet->addStepElementsFor()
#12 D:\data\www\lib\gemstracker\r191\trunk\vendor\gemstracker\gemstracker\classes\Gems\Snippets\Survey\AnswerImportSnippet.php(215): MUtil_Snippets_WizardFormSnippetAbstract->addFormElementsFor()
#13 D:\data\www\lib\gemstracker\r191\trunk\vendor\magnafacta\mutil\src\MUtil\Snippets\WizardFormSnippetAbstract.php(493): Gems_Snippets_Survey_AnswerImportSnippet->getFormFor()
#14 D:\data\www\lib\gemstracker\r191\trunk\vendor\magnafacta\mutil\src\MUtil\Snippets\WizardFormSnippetAbstract.php(538): MUtil_Snippets_WizardFormSnippetAbstract->loadFormFor()
#15 D:\data\www\lib\gemstracker\r191\trunk\vendor\magnafacta\mutil\src\MUtil\Snippets\ModelFormSnippetAbstract.php(446): MUtil_Snippets_WizardFormSnippetAbstract->processForm()
#16 D:\data\www\lib\gemstracker\r191\trunk\vendor\magnafacta\mutil\src\MUtil\Snippets\Standard\ModelImportSnippet.php(910): MUtil_Snippets_ModelFormSnippetAbstract->hasHtmlOutput()
#17 D:\data\www\lib\gemstracker\r191\trunk\vendor\magnafacta\mutil\src\MUtil\Controller\Action.php(204): MUtil_Snippets_Standard_ModelImportSnippet->hasHtmlOutput()
#18 D:\data\www\lib\gemstracker\r191\trunk\vendor\gemstracker\gemstracker\classes\Gems\Default\FileImportAction.php(47): MUtil_Controller_Action->addSnippets()
#19 D:\data\www\lib\gemstracker\r191\trunk\vendor\shardj\zf1-future\library\Zend\Controller\Action.php(516): Gems_Default_FileImportAction->answersImportAction()
#20 D:\data\www\lib\gemstracker\r191\trunk\vendor\shardj\zf1-future\library\Zend\Controller\Dispatcher\Standard.php(308): Zend_Controller_Action->dispatch()
#21 D:\data\www\lib\gemstracker\r191\trunk\vendor\shardj\zf1-future\library\Zend\Controller\Front.php(954): Zend_Controller_Dispatcher_Standard->dispatch()
#22 D:\data\www\lib\gemstracker\r191\trunk\vendor\shardj\zf1-future\library\Zend\Application\Bootstrap\Bootstrap.php(105): Zend_Controller_Front->dispatch()
#23 D:\data\www\lib\gemstracker\r191\trunk\vendor\magnafacta\mutil\src\MUtil\Application\Escort.php(409): Zend_Application_Bootstrap_Bootstrap->run()
#24 D:\data\www\lib\gemstracker\r191\trunk\vendor\shardj\zf1-future\library\Zend\Application.php(400): MUtil_Application_Escort->run()
#25 D:\data\www\lib\gemstracker\r191\trunk\vendor\gemstracker\gemstracker\pre_bootstrap.php(56): Zend_Application->run()
#26 D:\data\www\html\knoond\index.php(113): require('D:\\data\\www\\lib...')
#27 {main}
2023-09-21T15:56:12+02:00 ERR (3): Mysqli statement execute error : Incorrect decimal value: '' for column '131838X596X12140' at row 1
#0 D:\data\www\lib\gemstracker\r191\trunk\vendor\shardj\zf1-future\library\Zend\Db\Statement.php(303): Zend_Db_Statement_Mysqli->_execute()
#1 D:\data\www\lib\gemstracker\r191\trunk\vendor\shardj\zf1-future\library\Zend\Db\Adapter\Abstract.php(480): Zend_Db_Statement->execute()
#2 D:\data\www\lib\gemstracker\r191\trunk\vendor\shardj\zf1-future\library\Zend\Db\Adapter\Abstract.php(636): Zend_Db_Adapter_Abstract->query()
#3 D:\data\www\lib\gemstracker\r191\trunk\vendor\gemstracker\gemstracker\classes\Gems\Tracker\Source\LimeSurvey1m9Database.php(1485): Zend_Db_Adapter_Abstract->update()
#4 D:\data\www\lib\gemstracker\r191\trunk\vendor\gemstracker\gemstracker\classes\Gems\Tracker\Token.php(2009): Gems_Tracker_Source_LimeSurvey1m9Database->setRawTokenAnswers()
#5 D:\data\www\lib\gemstracker\r191\trunk\vendor\gemstracker\gemstracker\classes\Gems\Task\Import\SaveAnswerTask.php(208): Gems_Tracker_Token->setRawAnswers()
#6 D:\data\www\lib\gemstracker\r191\trunk\vendor\magnafacta\mutil\src\MUtil\Task\TaskBatch.php(170): Gems_Task_Import_SaveAnswerTask->execute()
#7 D:\data\www\lib\gemstracker\r191\trunk\vendor\magnafacta\mutil\src\MUtil\Batch\BatchAbstract.php(1331): MUtil_Task_TaskBatch->runTask()
#8 D:\data\www\lib\gemstracker\r191\trunk\vendor\magnafacta\mutil\src\MUtil\Batch\BatchAbstract.php(1003): MUtil_Batch_BatchAbstract->step()
#9 D:\data\www\lib\gemstracker\r191\trunk\vendor\magnafacta\mutil\src\MUtil\Snippets\Standard\ModelImportSnippet.php(372): MUtil_Batch_BatchAbstract->run()
#10 D:\data\www\lib\gemstracker\r191\trunk\vendor\magnafacta\mutil\src\MUtil\Snippets\Standard\ModelImportSnippet.php(439): MUtil_Snippets_Standard_ModelImportSnippet->addStep5()
#11 D:\data\www\lib\gemstracker\r191\trunk\vendor\magnafacta\mutil\src\MUtil\Snippets\WizardFormSnippetAbstract.php(258): MUtil_Snippets_Standard_ModelImportSnippet->addStepElementsFor()
#12 D:\data\www\lib\gemstracker\r191\trunk\vendor\gemstracker\gemstracker\classes\Gems\Snippets\Survey\AnswerImportSnippet.php(215): MUtil_Snippets_WizardFormSnippetAbstract->addFormElementsFor()
#13 D:\data\www\lib\gemstracker\r191\trunk\vendor\magnafacta\mutil\src\MUtil\Snippets\WizardFormSnippetAbstract.php(493): Gems_Snippets_Survey_AnswerImportSnippet->getFormFor()
#14 D:\data\www\lib\gemstracker\r191\trunk\vendor\magnafacta\mutil\src\MUtil\Snippets\WizardFormSnippetAbstract.php(538): MUtil_Snippets_WizardFormSnippetAbstract->loadFormFor()
#15 D:\data\www\lib\gemstracker\r191\trunk\vendor\magnafacta\mutil\src\MUtil\Snippets\ModelFormSnippetAbstract.php(446): MUtil_Snippets_WizardFormSnippetAbstract->processForm()
#16 D:\data\www\lib\gemstracker\r191\trunk\vendor\magnafacta\mutil\src\MUtil\Snippets\Standard\ModelImportSnippet.php(910): MUtil_Snippets_ModelFormSnippetAbstract->hasHtmlOutput()
#17 D:\data\www\lib\gemstracker\r191\trunk\vendor\magnafacta\mutil\src\MUtil\Controller\Action.php(204): MUtil_Snippets_Standard_ModelImportSnippet->hasHtmlOutput()
#18 D:\data\www\lib\gemstracker\r191\trunk\vendor\gemstracker\gemstracker\classes\Gems\Default\FileImportAction.php(47): MUtil_Controller_Action->addSnippets()
#19 D:\data\www\lib\gemstracker\r191\trunk\vendor\shardj\zf1-future\library\Zend\Controller\Action.php(516): Gems_Default_FileImportAction->answersImportAction()
#20 D:\data\www\lib\gemstracker\r191\trunk\vendor\shardj\zf1-future\library\Zend\Controller\Dispatcher\Standard.php(308): Zend_Controller_Action->dispatch()
#21 D:\data\www\lib\gemstracker\r191\trunk\vendor\shardj\zf1-future\library\Zend\Controller\Front.php(954): Zend_Controller_Dispatcher_Standard->dispatch()
#22 D:\data\www\lib\gemstracker\r191\trunk\vendor\shardj\zf1-future\library\Zend\Application\Bootstrap\Bootstrap.php(105): Zend_Controller_Front->dispatch()
#23 D:\data\www\lib\gemstracker\r191\trunk\vendor\magnafacta\mutil\src\MUtil\Application\Escort.php(409): Zend_Application_Bootstrap_Bootstrap->run()
#24 D:\data\www\lib\gemstracker\r191\trunk\vendor\shardj\zf1-future\library\Zend\Application.php(400): MUtil_Application_Escort->run()
#25 D:\data\www\lib\gemstracker\r191\trunk\vendor\gemstracker\gemstracker\pre_bootstrap.php(56): Zend_Application->run()
#26 D:\data\www\html\knoond\index.php(113): require('D:\\data\\www\\lib...')
#27 {main}
2023-10-16T15:46:55+02:00 ERR (3): Mysqli statement execute error : Incorrect decimal value: '' for column '131838X596X12140' at row 1
#0 D:\data\www\lib\gemstracker\r191\trunk\vendor\shardj\zf1-future\library\Zend\Db\Statement.php(303): Zend_Db_Statement_Mysqli->_execute()
#1 D:\data\www\lib\gemstracker\r191\trunk\vendor\shardj\zf1-future\library\Zend\Db\Adapter\Abstract.php(480): Zend_Db_Statement->execute()
#2 D:\data\www\lib\gemstracker\r191\trunk\vendor\shardj\zf1-future\library\Zend\Db\Adapter\Abstract.php(636): Zend_Db_Adapter_Abstract->query()
#3 D:\data\www\lib\gemstracker\r191\trunk\vendor\gemstracker\gemstracker\classes\Gems\Tracker\Source\LimeSurvey1m9Database.php(1485): Zend_Db_Adapter_Abstract->update()
#4 D:\data\www\lib\gemstracker\r191\trunk\vendor\gemstracker\gemstracker\classes\Gems\Tracker\Token.php(2009): Gems_Tracker_Source_LimeSurvey1m9Database->setRawTokenAnswers()
#5 D:\data\www\lib\gemstracker\r191\trunk\vendor\gemstracker\gemstracker\classes\Gems\Task\Import\SaveAnswerTask.php(208): Gems_Tracker_Token->setRawAnswers()
#6 D:\data\www\lib\gemstracker\r191\trunk\vendor\magnafacta\mutil\src\MUtil\Task\TaskBatch.php(170): Gems_Task_Import_SaveAnswerTask->execute()
#7 D:\data\www\lib\gemstracker\r191\trunk\vendor\magnafacta\mutil\src\MUtil\Batch\BatchAbstract.php(1331): MUtil_Task_TaskBatch->runTask()
#8 D:\data\www\lib\gemstracker\r191\trunk\vendor\magnafacta\mutil\src\MUtil\Batch\BatchAbstract.php(1003): MUtil_Batch_BatchAbstract->step()
#9 D:\data\www\lib\gemstracker\r191\trunk\vendor\magnafacta\mutil\src\MUtil\Snippets\Standard\ModelImportSnippet.php(372): MUtil_Batch_BatchAbstract->run()
#10 D:\data\www\lib\gemstracker\r191\trunk\vendor\magnafacta\mutil\src\MUtil\Snippets\Standard\ModelImportSnippet.php(439): MUtil_Snippets_Standard_ModelImportSnippet->addStep5()
#11 D:\data\www\lib\gemstracker\r191\trunk\vendor\magnafacta\mutil\src\MUtil\Snippets\WizardFormSnippetAbstract.php(258): MUtil_Snippets_Standard_ModelImportSnippet->addStepElementsFor()
#12 D:\data\www\lib\gemstracker\r191\trunk\vendor\gemstracker\gemstracker\classes\Gems\Snippets\Survey\AnswerImportSnippet.php(215): MUtil_Snippets_WizardFormSnippetAbstract->addFormElementsFor()
#13 D:\data\www\lib\gemstracker\r191\trunk\vendor\magnafacta\mutil\src\MUtil\Snippets\WizardFormSnippetAbstract.php(493): Gems_Snippets_Survey_AnswerImportSnippet->getFormFor()
#14 D:\data\www\lib\gemstracker\r191\trunk\vendor\magnafacta\mutil\src\MUtil\Snippets\WizardFormSnippetAbstract.php(538): MUtil_Snippets_WizardFormSnippetAbstract->loadFormFor()
#15 D:\data\www\lib\gemstracker\r191\trunk\vendor\magnafacta\mutil\src\MUtil\Snippets\ModelFormSnippetAbstract.php(446): MUtil_Snippets_WizardFormSnippetAbstract->processForm()
#16 D:\data\www\lib\gemstracker\r191\trunk\vendor\magnafacta\mutil\src\MUtil\Snippets\Standard\ModelImportSnippet.php(910): MUtil_Snippets_ModelFormSnippetAbstract->hasHtmlOutput()
#17 D:\data\www\lib\gemstracker\r191\trunk\vendor\magnafacta\mutil\src\MUtil\Controller\Action.php(204): MUtil_Snippets_Standard_ModelImportSnippet->hasHtmlOutput()
#18 D:\data\www\lib\gemstracker\r191\trunk\vendor\gemstracker\gemstracker\classes\Gems\Default\FileImportAction.php(47): MUtil_Controller_Action->addSnippets()
#19 D:\data\www\lib\gemstracker\r191\trunk\vendor\shardj\zf1-future\library\Zend\Controller\Action.php(516): Gems_Default_FileImportAction->answersImportAction()
#20 D:\data\www\lib\gemstracker\r191\trunk\vendor\shardj\zf1-future\library\Zend\Controller\Dispatcher\Standard.php(308): Zend_Controller_Action->dispatch()
#21 D:\data\www\lib\gemstracker\r191\trunk\vendor\shardj\zf1-future\library\Zend\Controller\Front.php(954): Zend_Controller_Dispatcher_Standard->dispatch()
#22 D:\data\www\lib\gemstracker\r191\trunk\vendor\shardj\zf1-future\library\Zend\Application\Bootstrap\Bootstrap.php(105): Zend_Controller_Front->dispatch()
#23 D:\data\www\lib\gemstracker\r191\trunk\vendor\magnafacta\mutil\src\MUtil\Application\Escort.php(409): Zend_Application_Bootstrap_Bootstrap->run()
#24 D:\data\www\lib\gemstracker\r191\trunk\vendor\shardj\zf1-future\library\Zend\Application.php(400): MUtil_Application_Escort->run()
#25 D:\data\www\lib\gemstracker\r191\trunk\vendor\gemstracker\gemstracker\pre_bootstrap.php(56): Zend_Application->run()
#26 D:\data\www\html\knoond\index.php(113): require('D:\\data\\www\\lib...')
#27 {main}
2023-10-16T15:51:15+02:00 ERR (3): Mysqli statement execute error : Incorrect decimal value: '' for column '131838X596X12140' at row 1
#0 D:\data\www\lib\gemstracker\r191\trunk\vendor\shardj\zf1-future\library\Zend\Db\Statement.php(303): Zend_Db_Statement_Mysqli->_execute()
#1 D:\data\www\lib\gemstracker\r191\trunk\vendor\shardj\zf1-future\library\Zend\Db\Adapter\Abstract.php(480): Zend_Db_Statement->execute()
#2 D:\data\www\lib\gemstracker\r191\trunk\vendor\shardj\zf1-future\library\Zend\Db\Adapter\Abstract.php(636): Zend_Db_Adapter_Abstract->query()
#3 D:\data\www\lib\gemstracker\r191\trunk\vendor\gemstracker\gemstracker\classes\Gems\Tracker\Source\LimeSurvey1m9Database.php(1485): Zend_Db_Adapter_Abstract->update()
#4 D:\data\www\lib\gemstracker\r191\trunk\vendor\gemstracker\gemstracker\classes\Gems\Tracker\Token.php(2009): Gems_Tracker_Source_LimeSurvey1m9Database->setRawTokenAnswers()
#5 D:\data\www\lib\gemstracker\r191\trunk\vendor\gemstracker\gemstracker\classes\Gems\Task\Import\SaveAnswerTask.php(208): Gems_Tracker_Token->setRawAnswers()
#6 D:\data\www\lib\gemstracker\r191\trunk\vendor\magnafacta\mutil\src\MUtil\Task\TaskBatch.php(170): Gems_Task_Import_SaveAnswerTask->execute()
#7 D:\data\www\lib\gemstracker\r191\trunk\vendor\magnafacta\mutil\src\MUtil\Batch\BatchAbstract.php(1331): MUtil_Task_TaskBatch->runTask()
#8 D:\data\www\lib\gemstracker\r191\trunk\vendor\magnafacta\mutil\src\MUtil\Batch\BatchAbstract.php(1003): MUtil_Batch_BatchAbstract->step()
#9 D:\data\www\lib\gemstracker\r191\trunk\vendor\magnafacta\mutil\src\MUtil\Snippets\Standard\ModelImportSnippet.php(372): MUtil_Batch_BatchAbstract->run()
#10 D:\data\www\lib\gemstracker\r191\trunk\vendor\magnafacta\mutil\src\MUtil\Snippets\Standard\ModelImportSnippet.php(439): MUtil_Snippets_Standard_ModelImportSnippet->addStep5()
#11 D:\data\www\lib\gemstracker\r191\trunk\vendor\magnafacta\mutil\src\MUtil\Snippets\WizardFormSnippetAbstract.php(258): MUtil_Snippets_Standard_ModelImportSnippet->addStepElementsFor()
#12 D:\data\www\lib\gemstracker\r191\trunk\vendor\gemstracker\gemstracker\classes\Gems\Snippets\Survey\AnswerImportSnippet.php(215): MUtil_Snippets_WizardFormSnippetAbstract->addFormElementsFor()
#13 D:\data\www\lib\gemstracker\r191\trunk\vendor\magnafacta\mutil\src\MUtil\Snippets\WizardFormSnippetAbstract.php(493): Gems_Snippets_Survey_AnswerImportSnippet->getFormFor()
#14 D:\data\www\lib\gemstracker\r191\trunk\vendor\magnafacta\mutil\src\MUtil\Snippets\WizardFormSnippetAbstract.php(538): MUtil_Snippets_WizardFormSnippetAbstract->loadFormFor()
#15 D:\data\www\lib\gemstracker\r191\trunk\vendor\magnafacta\mutil\src\MUtil\Snippets\ModelFormSnippetAbstract.php(446): MUtil_Snippets_WizardFormSnippetAbstract->processForm()
#16 D:\data\www\lib\gemstracker\r191\trunk\vendor\magnafacta\mutil\src\MUtil\Snippets\Standard\ModelImportSnippet.php(910): MUtil_Snippets_ModelFormSnippetAbstract->hasHtmlOutput()
#17 D:\data\www\lib\gemstracker\r191\trunk\vendor\magnafacta\mutil\src\MUtil\Controller\Action.php(204): MUtil_Snippets_Standard_ModelImportSnippet->hasHtmlOutput()
#18 D:\data\www\lib\gemstracker\r191\trunk\vendor\gemstracker\gemstracker\classes\Gems\Default\FileImportAction.php(47): MUtil_Controller_Action->addSnippets()
#19 D:\data\www\lib\gemstracker\r191\trunk\vendor\shardj\zf1-future\library\Zend\Controller\Action.php(516): Gems_Default_FileImportAction->answersImportAction()
#20 D:\data\www\lib\gemstracker\r191\trunk\vendor\shardj\zf1-future\library\Zend\Controller\Dispatcher\Standard.php(308): Zend_Controller_Action->dispatch()
#21 D:\data\www\lib\gemstracker\r191\trunk\vendor\shardj\zf1-future\library\Zend\Controller\Front.php(954): Zend_Controller_Dispatcher_Standard->dispatch()
#22 D:\data\www\lib\gemstracker\r191\trunk\vendor\shardj\zf1-future\library\Zend\Application\Bootstrap\Bootstrap.php(105): Zend_Controller_Front->dispatch()
#23 D:\data\www\lib\gemstracker\r191\trunk\vendor\magnafacta\mutil\src\MUtil\Application\Escort.php(409): Zend_Application_Bootstrap_Bootstrap->run()
#24 D:\data\www\lib\gemstracker\r191\trunk\vendor\shardj\zf1-future\library\Zend\Application.php(400): MUtil_Application_Escort->run()
#25 D:\data\www\lib\gemstracker\r191\trunk\vendor\gemstracker\gemstracker\pre_bootstrap.php(56): Zend_Application->run()
#26 D:\data\www\html\knoond\index.php(113): require('D:\\data\\www\\lib...')
#27 {main}
2023-10-16T15:56:30+02:00 ERR (3): Mysqli statement execute error : Incorrect decimal value: '' for column '131838X596X12140' at row 1
#0 D:\data\www\lib\gemstracker\r191\trunk\vendor\shardj\zf1-future\library\Zend\Db\Statement.php(303): Zend_Db_Statement_Mysqli->_execute()
#1 D:\data\www\lib\gemstracker\r191\trunk\vendor\shardj\zf1-future\library\Zend\Db\Adapter\Abstract.php(480): Zend_Db_Statement->execute()
#2 D:\data\www\lib\gemstracker\r191\trunk\vendor\shardj\zf1-future\library\Zend\Db\Adapter\Abstract.php(636): Zend_Db_Adapter_Abstract->query()
#3 D:\data\www\lib\gemstracker\r191\trunk\vendor\gemstracker\gemstracker\classes\Gems\Tracker\Source\LimeSurvey1m9Database.php(1485): Zend_Db_Adapter_Abstract->update()
#4 D:\data\www\lib\gemstracker\r191\trunk\vendor\gemstracker\gemstracker\classes\Gems\Tracker\Token.php(2009): Gems_Tracker_Source_LimeSurvey1m9Database->setRawTokenAnswers()
#5 D:\data\www\lib\gemstracker\r191\trunk\vendor\gemstracker\gemstracker\classes\Gems\Task\Import\SaveAnswerTask.php(208): Gems_Tracker_Token->setRawAnswers()
#6 D:\data\www\lib\gemstracker\r191\trunk\vendor\magnafacta\mutil\src\MUtil\Task\TaskBatch.php(170): Gems_Task_Import_SaveAnswerTask->execute()
#7 D:\data\www\lib\gemstracker\r191\trunk\vendor\magnafacta\mutil\src\MUtil\Batch\BatchAbstract.php(1331): MUtil_Task_TaskBatch->runTask()
#8 D:\data\www\lib\gemstracker\r191\trunk\vendor\magnafacta\mutil\src\MUtil\Batch\BatchAbstract.php(1003): MUtil_Batch_BatchAbstract->step()
#9 D:\data\www\lib\gemstracker\r191\trunk\vendor\magnafacta\mutil\src\MUtil\Snippets\Standard\ModelImportSnippet.php(372): MUtil_Batch_BatchAbstract->run()
#10 D:\data\www\lib\gemstracker\r191\trunk\vendor\magnafacta\mutil\src\MUtil\Snippets\Standard\ModelImportSnippet.php(439): MUtil_Snippets_Standard_ModelImportSnippet->addStep5()
#11 D:\data\www\lib\gemstracker\r191\trunk\vendor\magnafacta\mutil\src\MUtil\Snippets\WizardFormSnippetAbstract.php(258): MUtil_Snippets_Standard_ModelImportSnippet->addStepElementsFor()
#12 D:\data\www\lib\gemstracker\r191\trunk\vendor\gemstracker\gemstracker\classes\Gems\Snippets\Survey\AnswerImportSnippet.php(215): MUtil_Snippets_WizardFormSnippetAbstract->addFormElementsFor()
#13 D:\data\www\lib\gemstracker\r191\trunk\vendor\magnafacta\mutil\src\MUtil\Snippets\WizardFormSnippetAbstract.php(493): Gems_Snippets_Survey_AnswerImportSnippet->getFormFor()
#14 D:\data\www\lib\gemstracker\r191\trunk\vendor\magnafacta\mutil\src\MUtil\Snippets\WizardFormSnippetAbstract.php(538): MUtil_Snippets_WizardFormSnippetAbstract->loadFormFor()
#15 D:\data\www\lib\gemstracker\r191\trunk\vendor\magnafacta\mutil\src\MUtil\Snippets\ModelFormSnippetAbstract.php(446): MUtil_Snippets_WizardFormSnippetAbstract->processForm()
#16 D:\data\www\lib\gemstracker\r191\trunk\vendor\magnafacta\mutil\src\MUtil\Snippets\Standard\ModelImportSnippet.php(910): MUtil_Snippets_ModelFormSnippetAbstract->hasHtmlOutput()
#17 D:\data\www\lib\gemstracker\r191\trunk\vendor\magnafacta\mutil\src\MUtil\Controller\Action.php(204): MUtil_Snippets_Standard_ModelImportSnippet->hasHtmlOutput()
#18 D:\data\www\lib\gemstracker\r191\trunk\vendor\gemstracker\gemstracker\classes\Gems\Default\FileImportAction.php(47): MUtil_Controller_Action->addSnippets()
#19 D:\data\www\lib\gemstracker\r191\trunk\vendor\shardj\zf1-future\library\Zend\Controller\Action.php(516): Gems_Default_FileImportAction->answersImportAction()
#20 D:\data\www\lib\gemstracker\r191\trunk\vendor\shardj\zf1-future\library\Zend\Controller\Dispatcher\Standard.php(308): Zend_Controller_Action->dispatch()
#21 D:\data\www\lib\gemstracker\r191\trunk\vendor\shardj\zf1-future\library\Zend\Controller\Front.php(954): Zend_Controller_Dispatcher_Standard->dispatch()
#22 D:\data\www\lib\gemstracker\r191\trunk\vendor\shardj\zf1-future\library\Zend\Application\Bootstrap\Bootstrap.php(105): Zend_Controller_Front->dispatch()
#23 D:\data\www\lib\gemstracker\r191\trunk\vendor\magnafacta\mutil\src\MUtil\Application\Escort.php(409): Zend_Application_Bootstrap_Bootstrap->run()
#24 D:\data\www\lib\gemstracker\r191\trunk\vendor\shardj\zf1-future\library\Zend\Application.php(400): MUtil_Application_Escort->run()
#25 D:\data\www\lib\gemstracker\r191\trunk\vendor\gemstracker\gemstracker\pre_bootstrap.php(56): Zend_Application->run()
#26 D:\data\www\html\knoond\index.php(113): require('D:\\data\\www\\lib...')
#27 {main}
2023-10-16T15:58:12+02:00 ERR (3): Mysqli statement execute error : Incorrect decimal value: '' for column '131838X596X12140' at row 1
#0 D:\data\www\lib\gemstracker\r191\trunk\vendor\shardj\zf1-future\library\Zend\Db\Statement.php(303): Zend_Db_Statement_Mysqli->_execute()
#1 D:\data\www\lib\gemstracker\r191\trunk\vendor\shardj\zf1-future\library\Zend\Db\Adapter\Abstract.php(480): Zend_Db_Statement->execute()
#2 D:\data\www\lib\gemstracker\r191\trunk\vendor\shardj\zf1-future\library\Zend\Db\Adapter\Abstract.php(636): Zend_Db_Adapter_Abstract->query()
#3 D:\data\www\lib\gemstracker\r191\trunk\vendor\gemstracker\gemstracker\classes\Gems\Tracker\Source\LimeSurvey1m9Database.php(1485): Zend_Db_Adapter_Abstract->update()
#4 D:\data\www\lib\gemstracker\r191\trunk\vendor\gemstracker\gemstracker\classes\Gems\Tracker\Token.php(2009): Gems_Tracker_Source_LimeSurvey1m9Database->setRawTokenAnswers()
#5 D:\data\www\lib\gemstracker\r191\trunk\vendor\gemstracker\gemstracker\classes\Gems\Task\Import\SaveAnswerTask.php(208): Gems_Tracker_Token->setRawAnswers()
#6 D:\data\www\lib\gemstracker\r191\trunk\vendor\magnafacta\mutil\src\MUtil\Task\TaskBatch.php(170): Gems_Task_Import_SaveAnswerTask->execute()
#7 D:\data\www\lib\gemstracker\r191\trunk\vendor\magnafacta\mutil\src\MUtil\Batch\BatchAbstract.php(1331): MUtil_Task_TaskBatch->runTask()
#8 D:\data\www\lib\gemstracker\r191\trunk\vendor\magnafacta\mutil\src\MUtil\Batch\BatchAbstract.php(1003): MUtil_Batch_BatchAbstract->step()
#9 D:\data\www\lib\gemstracker\r191\trunk\vendor\magnafacta\mutil\src\MUtil\Snippets\Standard\ModelImportSnippet.php(372): MUtil_Batch_BatchAbstract->run()
#10 D:\data\www\lib\gemstracker\r191\trunk\vendor\magnafacta\mutil\src\MUtil\Snippets\Standard\ModelImportSnippet.php(439): MUtil_Snippets_Standard_ModelImportSnippet->addStep5()
#11 D:\data\www\lib\gemstracker\r191\trunk\vendor\magnafacta\mutil\src\MUtil\Snippets\WizardFormSnippetAbstract.php(258): MUtil_Snippets_Standard_ModelImportSnippet->addStepElementsFor()
#12 D:\data\www\lib\gemstracker\r191\trunk\vendor\gemstracker\gemstracker\classes\Gems\Snippets\Survey\AnswerImportSnippet.php(215): MUtil_Snippets_WizardFormSnippetAbstract->addFormElementsFor()
#13 D:\data\www\lib\gemstracker\r191\trunk\vendor\magnafacta\mutil\src\MUtil\Snippets\WizardFormSnippetAbstract.php(493): Gems_Snippets_Survey_AnswerImportSnippet->getFormFor()
#14 D:\data\www\lib\gemstracker\r191\trunk\vendor\magnafacta\mutil\src\MUtil\Snippets\WizardFormSnippetAbstract.php(538): MUtil_Snippets_WizardFormSnippetAbstract->loadFormFor()
#15 D:\data\www\lib\gemstracker\r191\trunk\vendor\magnafacta\mutil\src\MUtil\Snippets\ModelFormSnippetAbstract.php(446): MUtil_Snippets_WizardFormSnippetAbstract->processForm()
#16 D:\data\www\lib\gemstracker\r191\trunk\vendor\magnafacta\mutil\src\MUtil\Snippets\Standard\ModelImportSnippet.php(910): MUtil_Snippets_ModelFormSnippetAbstract->hasHtmlOutput()
#17 D:\data\www\lib\gemstracker\r191\trunk\vendor\magnafacta\mutil\src\MUtil\Controller\Action.php(204): MUtil_Snippets_Standard_ModelImportSnippet->hasHtmlOutput()
#18 D:\data\www\lib\gemstracker\r191\trunk\vendor\gemstracker\gemstracker\classes\Gems\Default\FileImportAction.php(47): MUtil_Controller_Action->addSnippets()
#19 D:\data\www\lib\gemstracker\r191\trunk\vendor\shardj\zf1-future\library\Zend\Controller\Action.php(516): Gems_Default_FileImportAction->answersImportAction()
#20 D:\data\www\lib\gemstracker\r191\trunk\vendor\shardj\zf1-future\library\Zend\Controller\Dispatcher\Standard.php(308): Zend_Controller_Action->dispatch()
#21 D:\data\www\lib\gemstracker\r191\trunk\vendor\shardj\zf1-future\library\Zend\Controller\Front.php(954): Zend_Controller_Dispatcher_Standard->dispatch()
#22 D:\data\www\lib\gemstracker\r191\trunk\vendor\shardj\zf1-future\library\Zend\Application\Bootstrap\Bootstrap.php(105): Zend_Controller_Front->dispatch()
#23 D:\data\www\lib\gemstracker\r191\trunk\vendor\magnafacta\mutil\src\MUtil\Application\Escort.php(409): Zend_Application_Bootstrap_Bootstrap->run()
#24 D:\data\www\lib\gemstracker\r191\trunk\vendor\shardj\zf1-future\library\Zend\Application.php(400): MUtil_Application_Escort->run()
#25 D:\data\www\lib\gemstracker\r191\trunk\vendor\gemstracker\gemstracker\pre_bootstrap.php(56): Zend_Application->run()
#26 D:\data\www\html\knoond\index.php(113): require('D:\\data\\www\\lib...')
#27 {main}
2023-10-16T16:00:50+02:00 ERR (3): Mysqli statement execute error : Incorrect decimal value: '' for column '131838X596X12078' at row 1
#0 D:\data\www\lib\gemstracker\r191\trunk\vendor\shardj\zf1-future\library\Zend\Db\Statement.php(303): Zend_Db_Statement_Mysqli->_execute()
#1 D:\data\www\lib\gemstracker\r191\trunk\vendor\shardj\zf1-future\library\Zend\Db\Adapter\Abstract.php(480): Zend_Db_Statement->execute()
#2 D:\data\www\lib\gemstracker\r191\trunk\vendor\shardj\zf1-future\library\Zend\Db\Adapter\Abstract.php(636): Zend_Db_Adapter_Abstract->query()
#3 D:\data\www\lib\gemstracker\r191\trunk\vendor\gemstracker\gemstracker\classes\Gems\Tracker\Source\LimeSurvey1m9Database.php(1485): Zend_Db_Adapter_Abstract->update()
#4 D:\data\www\lib\gemstracker\r191\trunk\vendor\gemstracker\gemstracker\classes\Gems\Tracker\Token.php(2009): Gems_Tracker_Source_LimeSurvey1m9Database->setRawTokenAnswers()
#5 D:\data\www\lib\gemstracker\r191\trunk\vendor\gemstracker\gemstracker\classes\Gems\Task\Import\SaveAnswerTask.php(208): Gems_Tracker_Token->setRawAnswers()
#6 D:\data\www\lib\gemstracker\r191\trunk\vendor\magnafacta\mutil\src\MUtil\Task\TaskBatch.php(170): Gems_Task_Import_SaveAnswerTask->execute()
#7 D:\data\www\lib\gemstracker\r191\trunk\vendor\magnafacta\mutil\src\MUtil\Batch\BatchAbstract.php(1331): MUtil_Task_TaskBatch->runTask()
#8 D:\data\www\lib\gemstracker\r191\trunk\vendor\magnafacta\mutil\src\MUtil\Batch\BatchAbstract.php(1003): MUtil_Batch_BatchAbstract->step()
#9 D:\data\www\lib\gemstracker\r191\trunk\vendor\magnafacta\mutil\src\MUtil\Snippets\Standard\ModelImportSnippet.php(372): MUtil_Batch_BatchAbstract->run()
#10 D:\data\www\lib\gemstracker\r191\trunk\vendor\magnafacta\mutil\src\MUtil\Snippets\Standard\ModelImportSnippet.php(439): MUtil_Snippets_Standard_ModelImportSnippet->addStep5()
#11 D:\data\www\lib\gemstracker\r191\trunk\vendor\magnafacta\mutil\src\MUtil\Snippets\WizardFormSnippetAbstract.php(258): MUtil_Snippets_Standard_ModelImportSnippet->addStepElementsFor()
#12 D:\data\www\lib\gemstracker\r191\trunk\vendor\gemstracker\gemstracker\classes\Gems\Snippets\Survey\AnswerImportSnippet.php(215): MUtil_Snippets_WizardFormSnippetAbstract->addFormElementsFor()
#13 D:\data\www\lib\gemstracker\r191\trunk\vendor\magnafacta\mutil\src\MUtil\Snippets\WizardFormSnippetAbstract.php(493): Gems_Snippets_Survey_AnswerImportSnippet->getFormFor()
#14 D:\data\www\lib\gemstracker\r191\trunk\vendor\magnafacta\mutil\src\MUtil\Snippets\WizardFormSnippetAbstract.php(538): MUtil_Snippets_WizardFormSnippetAbstract->loadFormFor()
#15 D:\data\www\lib\gemstracker\r191\trunk\vendor\magnafacta\mutil\src\MUtil\Snippets\ModelFormSnippetAbstract.php(446): MUtil_Snippets_WizardFormSnippetAbstract->processForm()
#16 D:\data\www\lib\gemstracker\r191\trunk\vendor\magnafacta\mutil\src\MUtil\Snippets\Standard\ModelImportSnippet.php(910): MUtil_Snippets_ModelFormSnippetAbstract->hasHtmlOutput()
#17 D:\data\www\lib\gemstracker\r191\trunk\vendor\magnafacta\mutil\src\MUtil\Controller\Action.php(204): MUtil_Snippets_Standard_ModelImportSnippet->hasHtmlOutput()
#18 D:\data\www\lib\gemstracker\r191\trunk\vendor\gemstracker\gemstracker\classes\Gems\Default\FileImportAction.php(47): MUtil_Controller_Action->addSnippets()
#19 D:\data\www\lib\gemstracker\r191\trunk\vendor\shardj\zf1-future\library\Zend\Controller\Action.php(516): Gems_Default_FileImportAction->answersImportAction()
#20 D:\data\www\lib\gemstracker\r191\trunk\vendor\shardj\zf1-future\library\Zend\Controller\Dispatcher\Standard.php(308): Zend_Controller_Action->dispatch()
#21 D:\data\www\lib\gemstracker\r191\trunk\vendor\shardj\zf1-future\library\Zend\Controller\Front.php(954): Zend_Controller_Dispatcher_Standard->dispatch()
#22 D:\data\www\lib\gemstracker\r191\trunk\vendor\shardj\zf1-future\library\Zend\Application\Bootstrap\Bootstrap.php(105): Zend_Controller_Front->dispatch()
#23 D:\data\www\lib\gemstracker\r191\trunk\vendor\magnafacta\mutil\src\MUtil\Application\Escort.php(409): Zend_Application_Bootstrap_Bootstrap->run()
#24 D:\data\www\lib\gemstracker\r191\trunk\vendor\shardj\zf1-future\library\Zend\Application.php(400): MUtil_Application_Escort->run()
#25 D:\data\www\lib\gemstracker\r191\trunk\vendor\gemstracker\gemstracker\pre_bootstrap.php(56): Zend_Application->run()
#26 D:\data\www\html\knoond\index.php(113): require('D:\\data\\www\\lib...')
#27 {main}
2023-10-16T16:08:12+02:00 ERR (3): Mysqli statement execute error : Incorrect decimal value: '' for column '131838X596X12078' at row 1
#0 D:\data\www\lib\gemstracker\r191\trunk\vendor\shardj\zf1-future\library\Zend\Db\Statement.php(303): Zend_Db_Statement_Mysqli->_execute()
#1 D:\data\www\lib\gemstracker\r191\trunk\vendor\shardj\zf1-future\library\Zend\Db\Adapter\Abstract.php(480): Zend_Db_Statement->execute()
#2 D:\data\www\lib\gemstracker\r191\trunk\vendor\shardj\zf1-future\library\Zend\Db\Adapter\Abstract.php(636): Zend_Db_Adapter_Abstract->query()
#3 D:\data\www\lib\gemstracker\r191\trunk\vendor\gemstracker\gemstracker\classes\Gems\Tracker\Source\LimeSurvey1m9Database.php(1485): Zend_Db_Adapter_Abstract->update()
#4 D:\data\www\lib\gemstracker\r191\trunk\vendor\gemstracker\gemstracker\classes\Gems\Tracker\Token.php(2009): Gems_Tracker_Source_LimeSurvey1m9Database->setRawTokenAnswers()
#5 D:\data\www\lib\gemstracker\r191\trunk\vendor\gemstracker\gemstracker\classes\Gems\Task\Import\SaveAnswerTask.php(208): Gems_Tracker_Token->setRawAnswers()
#6 D:\data\www\lib\gemstracker\r191\trunk\vendor\magnafacta\mutil\src\MUtil\Task\TaskBatch.php(170): Gems_Task_Import_SaveAnswerTask->execute()
#7 D:\data\www\lib\gemstracker\r191\trunk\vendor\magnafacta\mutil\src\MUtil\Batch\BatchAbstract.php(1331): MUtil_Task_TaskBatch->runTask()
#8 D:\data\www\lib\gemstracker\r191\trunk\vendor\magnafacta\mutil\src\MUtil\Batch\BatchAbstract.php(1003): MUtil_Batch_BatchAbstract->step()
#9 D:\data\www\lib\gemstracker\r191\trunk\vendor\magnafacta\mutil\src\MUtil\Snippets\Standard\ModelImportSnippet.php(372): MUtil_Batch_BatchAbstract->run()
#10 D:\data\www\lib\gemstracker\r191\trunk\vendor\magnafacta\mutil\src\MUtil\Snippets\Standard\ModelImportSnippet.php(439): MUtil_Snippets_Standard_ModelImportSnippet->addStep5()
#11 D:\data\www\lib\gemstracker\r191\trunk\vendor\magnafacta\mutil\src\MUtil\Snippets\WizardFormSnippetAbstract.php(258): MUtil_Snippets_Standard_ModelImportSnippet->addStepElementsFor()
#12 D:\data\www\lib\gemstracker\r191\trunk\vendor\gemstracker\gemstracker\classes\Gems\Snippets\Survey\AnswerImportSnippet.php(215): MUtil_Snippets_WizardFormSnippetAbstract->addFormElementsFor()
#13 D:\data\www\lib\gemstracker\r191\trunk\vendor\magnafacta\mutil\src\MUtil\Snippets\WizardFormSnippetAbstract.php(493): Gems_Snippets_Survey_AnswerImportSnippet->getFormFor()
#14 D:\data\www\lib\gemstracker\r191\trunk\vendor\magnafacta\mutil\src\MUtil\Snippets\WizardFormSnippetAbstract.php(538): MUtil_Snippets_WizardFormSnippetAbstract->loadFormFor()
#15 D:\data\www\lib\gemstracker\r191\trunk\vendor\magnafacta\mutil\src\MUtil\Snippets\ModelFormSnippetAbstract.php(446): MUtil_Snippets_WizardFormSnippetAbstract->processForm()
#16 D:\data\www\lib\gemstracker\r191\trunk\vendor\magnafacta\mutil\src\MUtil\Snippets\Standard\ModelImportSnippet.php(910): MUtil_Snippets_ModelFormSnippetAbstract->hasHtmlOutput()
#17 D:\data\www\lib\gemstracker\r191\trunk\vendor\magnafacta\mutil\src\MUtil\Controller\Action.php(204): MUtil_Snippets_Standard_ModelImportSnippet->hasHtmlOutput()
#18 D:\data\www\lib\gemstracker\r191\trunk\vendor\gemstracker\gemstracker\classes\Gems\Default\FileImportAction.php(47): MUtil_Controller_Action->addSnippets()
#19 D:\data\www\lib\gemstracker\r191\trunk\vendor\shardj\zf1-future\library\Zend\Controller\Action.php(516): Gems_Default_FileImportAction->answersImportAction()
#20 D:\data\www\lib\gemstracker\r191\trunk\vendor\shardj\zf1-future\library\Zend\Controller\Dispatcher\Standard.php(308): Zend_Controller_Action->dispatch()
#21 D:\data\www\lib\gemstracker\r191\trunk\vendor\shardj\zf1-future\library\Zend\Controller\Front.php(954): Zend_Controller_Dispatcher_Standard->dispatch()
#22 D:\data\www\lib\gemstracker\r191\trunk\vendor\shardj\zf1-future\library\Zend\Application\Bootstrap\Bootstrap.php(105): Zend_Controller_Front->dispatch()
#23 D:\data\www\lib\gemstracker\r191\trunk\vendor\magnafacta\mutil\src\MUtil\Application\Escort.php(409): Zend_Application_Bootstrap_Bootstrap->run()
#24 D:\data\www\lib\gemstracker\r191\trunk\vendor\shardj\zf1-future\library\Zend\Application.php(400): MUtil_Application_Escort->run()
#25 D:\data\www\lib\gemstracker\r191\trunk\vendor\gemstracker\gemstracker\pre_bootstrap.php(56): Zend_Application->run()
#26 D:\data\www\html\knoond\index.php(113): require('D:\\data\\www\\lib...')
#27 {main}
2023-10-16T16:10:23+02:00 ERR (3): Mysqli statement execute error : Incorrect decimal value: '' for column '131838X596X12125' at row 1
#0 D:\data\www\lib\gemstracker\r191\trunk\vendor\shardj\zf1-future\library\Zend\Db\Statement.php(303): Zend_Db_Statement_Mysqli->_execute()
#1 D:\data\www\lib\gemstracker\r191\trunk\vendor\shardj\zf1-future\library\Zend\Db\Adapter\Abstract.php(480): Zend_Db_Statement->execute()
#2 D:\data\www\lib\gemstracker\r191\trunk\vendor\shardj\zf1-future\library\Zend\Db\Adapter\Abstract.php(636): Zend_Db_Adapter_Abstract->query()
#3 D:\data\www\lib\gemstracker\r191\trunk\vendor\gemstracker\gemstracker\classes\Gems\Tracker\Source\LimeSurvey1m9Database.php(1485): Zend_Db_Adapter_Abstract->update()
#4 D:\data\www\lib\gemstracker\r191\trunk\vendor\gemstracker\gemstracker\classes\Gems\Tracker\Token.php(2009): Gems_Tracker_Source_LimeSurvey1m9Database->setRawTokenAnswers()
#5 D:\data\www\lib\gemstracker\r191\trunk\vendor\gemstracker\gemstracker\classes\Gems\Task\Import\SaveAnswerTask.php(208): Gems_Tracker_Token->setRawAnswers()
#6 D:\data\www\lib\gemstracker\r191\trunk\vendor\magnafacta\mutil\src\MUtil\Task\TaskBatch.php(170): Gems_Task_Import_SaveAnswerTask->execute()
#7 D:\data\www\lib\gemstracker\r191\trunk\vendor\magnafacta\mutil\src\MUtil\Batch\BatchAbstract.php(1331): MUtil_Task_TaskBatch->runTask()
#8 D:\data\www\lib\gemstracker\r191\trunk\vendor\magnafacta\mutil\src\MUtil\Batch\BatchAbstract.php(1003): MUtil_Batch_BatchAbstract->step()
#9 D:\data\www\lib\gemstracker\r191\trunk\vendor\magnafacta\mutil\src\MUtil\Snippets\Standard\ModelImportSnippet.php(372): MUtil_Batch_BatchAbstract->run()
#10 D:\data\www\lib\gemstracker\r191\trunk\vendor\magnafacta\mutil\src\MUtil\Snippets\Standard\ModelImportSnippet.php(439): MUtil_Snippets_Standard_ModelImportSnippet->addStep5()
#11 D:\data\www\lib\gemstracker\r191\trunk\vendor\magnafacta\mutil\src\MUtil\Snippets\WizardFormSnippetAbstract.php(258): MUtil_Snippets_Standard_ModelImportSnippet->addStepElementsFor()
#12 D:\data\www\lib\gemstracker\r191\trunk\vendor\gemstracker\gemstracker\classes\Gems\Snippets\Survey\AnswerImportSnippet.php(215): MUtil_Snippets_WizardFormSnippetAbstract->addFormElementsFor()
#13 D:\data\www\lib\gemstracker\r191\trunk\vendor\magnafacta\mutil\src\MUtil\Snippets\WizardFormSnippetAbstract.php(493): Gems_Snippets_Survey_AnswerImportSnippet->getFormFor()
#14 D:\data\www\lib\gemstracker\r191\trunk\vendor\magnafacta\mutil\src\MUtil\Snippets\WizardFormSnippetAbstract.php(538): MUtil_Snippets_WizardFormSnippetAbstract->loadFormFor()
#15 D:\data\www\lib\gemstracker\r191\trunk\vendor\magnafacta\mutil\src\MUtil\Snippets\ModelFormSnippetAbstract.php(446): MUtil_Snippets_WizardFormSnippetAbstract->processForm()
#16 D:\data\www\lib\gemstracker\r191\trunk\vendor\magnafacta\mutil\src\MUtil\Snippets\Standard\ModelImportSnippet.php(910): MUtil_Snippets_ModelFormSnippetAbstract->hasHtmlOutput()
#17 D:\data\www\lib\gemstracker\r191\trunk\vendor\magnafacta\mutil\src\MUtil\Controller\Action.php(204): MUtil_Snippets_Standard_ModelImportSnippet->hasHtmlOutput()
#18 D:\data\www\lib\gemstracker\r191\trunk\vendor\gemstracker\gemstracker\classes\Gems\Default\FileImportAction.php(47): MUtil_Controller_Action->addSnippets()
#19 D:\data\www\lib\gemstracker\r191\trunk\vendor\shardj\zf1-future\library\Zend\Controller\Action.php(516): Gems_Default_FileImportAction->answersImportAction()
#20 D:\data\www\lib\gemstracker\r191\trunk\vendor\shardj\zf1-future\library\Zend\Controller\Dispatcher\Standard.php(308): Zend_Controller_Action->dispatch()
#21 D:\data\www\lib\gemstracker\r191\trunk\vendor\shardj\zf1-future\library\Zend\Controller\Front.php(954): Zend_Controller_Dispatcher_Standard->dispatch()
#22 D:\data\www\lib\gemstracker\r191\trunk\vendor\shardj\zf1-future\library\Zend\Application\Bootstrap\Bootstrap.php(105): Zend_Controller_Front->dispatch()
#23 D:\data\www\lib\gemstracker\r191\trunk\vendor\magnafacta\mutil\src\MUtil\Application\Escort.php(409): Zend_Application_Bootstrap_Bootstrap->run()
#24 D:\data\www\lib\gemstracker\r191\trunk\vendor\shardj\zf1-future\library\Zend\Application.php(400): MUtil_Application_Escort->run()
#25 D:\data\www\lib\gemstracker\r191\trunk\vendor\gemstracker\gemstracker\pre_bootstrap.php(56): Zend_Application->run()
#26 D:\data\www\html\knoond\index.php(113): require('D:\\data\\www\\lib...')
#27 {main}
2023-10-16T16:15:00+02:00 ERR (3): Mysqli statement execute error : Incorrect decimal value: '' for column '131838X596X12130' at row 1
#0 D:\data\www\lib\gemstracker\r191\trunk\vendor\shardj\zf1-future\library\Zend\Db\Statement.php(303): Zend_Db_Statement_Mysqli->_execute()
#1 D:\data\www\lib\gemstracker\r191\trunk\vendor\shardj\zf1-future\library\Zend\Db\Adapter\Abstract.php(480): Zend_Db_Statement->execute()
#2 D:\data\www\lib\gemstracker\r191\trunk\vendor\shardj\zf1-future\library\Zend\Db\Adapter\Abstract.php(636): Zend_Db_Adapter_Abstract->query()
#3 D:\data\www\lib\gemstracker\r191\trunk\vendor\gemstracker\gemstracker\classes\Gems\Tracker\Source\LimeSurvey1m9Database.php(1485): Zend_Db_Adapter_Abstract->update()
#4 D:\data\www\lib\gemstracker\r191\trunk\vendor\gemstracker\gemstracker\classes\Gems\Tracker\Token.php(2009): Gems_Tracker_Source_LimeSurvey1m9Database->setRawTokenAnswers()
#5 D:\data\www\lib\gemstracker\r191\trunk\vendor\gemstracker\gemstracker\classes\Gems\Task\Import\SaveAnswerTask.php(208): Gems_Tracker_Token->setRawAnswers()
#6 D:\data\www\lib\gemstracker\r191\trunk\vendor\magnafacta\mutil\src\MUtil\Task\TaskBatch.php(170): Gems_Task_Import_SaveAnswerTask->execute()
#7 D:\data\www\lib\gemstracker\r191\trunk\vendor\magnafacta\mutil\src\MUtil\Batch\BatchAbstract.php(1331): MUtil_Task_TaskBatch->runTask()
#8 D:\data\www\lib\gemstracker\r191\trunk\vendor\magnafacta\mutil\src\MUtil\Batch\BatchAbstract.php(1003): MUtil_Batch_BatchAbstract->step()
#9 D:\data\www\lib\gemstracker\r191\trunk\vendor\magnafacta\mutil\src\MUtil\Snippets\Standard\ModelImportSnippet.php(372): MUtil_Batch_BatchAbstract->run()
#10 D:\data\www\lib\gemstracker\r191\trunk\vendor\magnafacta\mutil\src\MUtil\Snippets\Standard\ModelImportSnippet.php(439): MUtil_Snippets_Standard_ModelImportSnippet->addStep5()
#11 D:\data\www\lib\gemstracker\r191\trunk\vendor\magnafacta\mutil\src\MUtil\Snippets\WizardFormSnippetAbstract.php(258): MUtil_Snippets_Standard_ModelImportSnippet->addStepElementsFor()
#12 D:\data\www\lib\gemstracker\r191\trunk\vendor\gemstracker\gemstracker\classes\Gems\Snippets\Survey\AnswerImportSnippet.php(215): MUtil_Snippets_WizardFormSnippetAbstract->addFormElementsFor()
#13 D:\data\www\lib\gemstracker\r191\trunk\vendor\magnafacta\mutil\src\MUtil\Snippets\WizardFormSnippetAbstract.php(493): Gems_Snippets_Survey_AnswerImportSnippet->getFormFor()
#14 D:\data\www\lib\gemstracker\r191\trunk\vendor\magnafacta\mutil\src\MUtil\Snippets\WizardFormSnippetAbstract.php(538): MUtil_Snippets_WizardFormSnippetAbstract->loadFormFor()
#15 D:\data\www\lib\gemstracker\r191\trunk\vendor\magnafacta\mutil\src\MUtil\Snippets\ModelFormSnippetAbstract.php(446): MUtil_Snippets_WizardFormSnippetAbstract->processForm()
#16 D:\data\www\lib\gemstracker\r191\trunk\vendor\magnafacta\mutil\src\MUtil\Snippets\Standard\ModelImportSnippet.php(910): MUtil_Snippets_ModelFormSnippetAbstract->hasHtmlOutput()
#17 D:\data\www\lib\gemstracker\r191\trunk\vendor\magnafacta\mutil\src\MUtil\Controller\Action.php(204): MUtil_Snippets_Standard_ModelImportSnippet->hasHtmlOutput()
#18 D:\data\www\lib\gemstracker\r191\trunk\vendor\gemstracker\gemstracker\classes\Gems\Default\FileImportAction.php(47): MUtil_Controller_Action->addSnippets()
#19 D:\data\www\lib\gemstracker\r191\trunk\vendor\shardj\zf1-future\library\Zend\Controller\Action.php(516): Gems_Default_FileImportAction->answersImportAction()
#20 D:\data\www\lib\gemstracker\r191\trunk\vendor\shardj\zf1-future\library\Zend\Controller\Dispatcher\Standard.php(308): Zend_Controller_Action->dispatch()
#21 D:\data\www\lib\gemstracker\r191\trunk\vendor\shardj\zf1-future\library\Zend\Controller\Front.php(954): Zend_Controller_Dispatcher_Standard->dispatch()
#22 D:\data\www\lib\gemstracker\r191\trunk\vendor\shardj\zf1-future\library\Zend\Application\Bootstrap\Bootstrap.php(105): Zend_Controller_Front->dispatch()
#23 D:\data\www\lib\gemstracker\r191\trunk\vendor\magnafacta\mutil\src\MUtil\Application\Escort.php(409): Zend_Application_Bootstrap_Bootstrap->run()
#24 D:\data\www\lib\gemstracker\r191\trunk\vendor\shardj\zf1-future\library\Zend\Application.php(400): MUtil_Application_Escort->run()
#25 D:\data\www\lib\gemstracker\r191\trunk\vendor\gemstracker\gemstracker\pre_bootstrap.php(56): Zend_Application->run()
#26 D:\data\www\html\knoond\index.php(113): require('D:\\data\\www\\lib...')
#27 {main}
2024-04-11T12:37:31+02:00 ERR (3): Mysqli statement execute error : Incorrect decimal value: '' for column '131838X638X12788' at row 1
#0 D:\data\www\lib\gemstracker\r191\trunk\vendor\shardj\zf1-future\library\Zend\Db\Statement.php(303): Zend_Db_Statement_Mysqli->_execute()
#1 D:\data\www\lib\gemstracker\r191\trunk\vendor\shardj\zf1-future\library\Zend\Db\Adapter\Abstract.php(480): Zend_Db_Statement->execute()
#2 D:\data\www\lib\gemstracker\r191\trunk\vendor\shardj\zf1-future\library\Zend\Db\Adapter\Abstract.php(577): Zend_Db_Adapter_Abstract->query()
#3 D:\data\www\lib\gemstracker\r191\trunk\vendor\gemstracker\gemstracker\classes\Gems\Tracker\Source\LimeSurvey1m9Database.php(1495): Zend_Db_Adapter_Abstract->insert()
#4 D:\data\www\lib\gemstracker\r191\trunk\vendor\gemstracker\gemstracker\classes\Gems\Tracker\Token.php(2009): Gems_Tracker_Source_LimeSurvey1m9Database->setRawTokenAnswers()
#5 D:\data\www\lib\gemstracker\r191\trunk\vendor\gemstracker\gemstracker\classes\Gems\Task\Import\SaveAnswerTask.php(208): Gems_Tracker_Token->setRawAnswers()
#6 D:\data\www\lib\gemstracker\r191\trunk\vendor\magnafacta\mutil\src\MUtil\Task\TaskBatch.php(170): Gems_Task_Import_SaveAnswerTask->execute()
#7 D:\data\www\lib\gemstracker\r191\trunk\vendor\magnafacta\mutil\src\MUtil\Batch\BatchAbstract.php(1331): MUtil_Task_TaskBatch->runTask()
#8 D:\data\www\lib\gemstracker\r191\trunk\vendor\magnafacta\mutil\src\MUtil\Batch\BatchAbstract.php(1003): MUtil_Batch_BatchAbstract->step()
#9 D:\data\www\lib\gemstracker\r191\trunk\vendor\magnafacta\mutil\src\MUtil\Snippets\Standard\ModelImportSnippet.php(372): MUtil_Batch_BatchAbstract->run()
#10 D:\data\www\lib\gemstracker\r191\trunk\vendor\magnafacta\mutil\src\MUtil\Snippets\Standard\ModelImportSnippet.php(439): MUtil_Snippets_Standard_ModelImportSnippet->addStep5()
#11 D:\data\www\lib\gemstracker\r191\trunk\vendor\magnafacta\mutil\src\MUtil\Snippets\WizardFormSnippetAbstract.php(258): MUtil_Snippets_Standard_ModelImportSnippet->addStepElementsFor()
#12 D:\data\www\lib\gemstracker\r191\trunk\vendor\gemstracker\gemstracker\classes\Gems\Snippets\Survey\AnswerImportSnippet.php(215): MUtil_Snippets_WizardFormSnippetAbstract->addFormElementsFor()
#13 D:\data\www\lib\gemstracker\r191\trunk\vendor\magnafacta\mutil\src\MUtil\Snippets\WizardFormSnippetAbstract.php(493): Gems_Snippets_Survey_AnswerImportSnippet->getFormFor()
#14 D:\data\www\lib\gemstracker\r191\trunk\vendor\magnafacta\mutil\src\MUtil\Snippets\WizardFormSnippetAbstract.php(538): MUtil_Snippets_WizardFormSnippetAbstract->loadFormFor()
#15 D:\data\www\lib\gemstracker\r191\trunk\vendor\magnafacta\mutil\src\MUtil\Snippets\ModelFormSnippetAbstract.php(446): MUtil_Snippets_WizardFormSnippetAbstract->processForm()
#16 D:\data\www\lib\gemstracker\r191\trunk\vendor\magnafacta\mutil\src\MUtil\Snippets\Standard\ModelImportSnippet.php(910): MUtil_Snippets_ModelFormSnippetAbstract->hasHtmlOutput()
#17 D:\data\www\lib\gemstracker\r191\trunk\vendor\magnafacta\mutil\src\MUtil\Controller\Action.php(204): MUtil_Snippets_Standard_ModelImportSnippet->hasHtmlOutput()
#18 D:\data\www\lib\gemstracker\r191\trunk\vendor\gemstracker\gemstracker\classes\Gems\Default\FileImportAction.php(47): MUtil_Controller_Action->addSnippets()
#19 D:\data\www\lib\gemstracker\r191\trunk\vendor\shardj\zf1-future\library\Zend\Controller\Action.php(516): Gems_Default_FileImportAction->answersImportAction()
#20 D:\data\www\lib\gemstracker\r191\trunk\vendor\shardj\zf1-future\library\Zend\Controller\Dispatcher\Standard.php(308): Zend_Controller_Action->dispatch()
#21 D:\data\www\lib\gemstracker\r191\trunk\vendor\shardj\zf1-future\library\Zend\Controller\Front.php(954): Zend_Controller_Dispatcher_Standard->dispatch()
#22 D:\data\www\lib\gemstracker\r191\trunk\vendor\shardj\zf1-future\library\Zend\Application\Bootstrap\Bootstrap.php(105): Zend_Controller_Front->dispatch()
#23 D:\data\www\lib\gemstracker\r191\trunk\vendor\magnafacta\mutil\src\MUtil\Application\Escort.php(409): Zend_Application_Bootstrap_Bootstrap->run()
#24 D:\data\www\lib\gemstracker\r191\trunk\vendor\shardj\zf1-future\library\Zend\Application.php(400): MUtil_Application_Escort->run()
#25 D:\data\www\lib\gemstracker\r191\trunk\vendor\gemstracker\gemstracker\pre_bootstrap.php(56): Zend_Application->run()
#26 D:\data\www\html\knoond\index.php(113): require('D:\\data\\www\\lib...')
#27 {main}
2024-04-11T12:41:24+02:00 ERR (3): Mysqli statement execute error : Incorrect decimal value: '' for column '131838X638X12788' at row 1
#0 D:\data\www\lib\gemstracker\r191\trunk\vendor\shardj\zf1-future\library\Zend\Db\Statement.php(303): Zend_Db_Statement_Mysqli->_execute()
#1 D:\data\www\lib\gemstracker\r191\trunk\vendor\shardj\zf1-future\library\Zend\Db\Adapter\Abstract.php(480): Zend_Db_Statement->execute()
#2 D:\data\www\lib\gemstracker\r191\trunk\vendor\shardj\zf1-future\library\Zend\Db\Adapter\Abstract.php(577): Zend_Db_Adapter_Abstract->query()
#3 D:\data\www\lib\gemstracker\r191\trunk\vendor\gemstracker\gemstracker\classes\Gems\Tracker\Source\LimeSurvey1m9Database.php(1495): Zend_Db_Adapter_Abstract->insert()
#4 D:\data\www\lib\gemstracker\r191\trunk\vendor\gemstracker\gemstracker\classes\Gems\Tracker\Token.php(2009): Gems_Tracker_Source_LimeSurvey1m9Database->setRawTokenAnswers()
#5 D:\data\www\lib\gemstracker\r191\trunk\vendor\gemstracker\gemstracker\classes\Gems\Task\Import\SaveAnswerTask.php(208): Gems_Tracker_Token->setRawAnswers()
#6 D:\data\www\lib\gemstracker\r191\trunk\vendor\magnafacta\mutil\src\MUtil\Task\TaskBatch.php(170): Gems_Task_Import_SaveAnswerTask->execute()
#7 D:\data\www\lib\gemstracker\r191\trunk\vendor\magnafacta\mutil\src\MUtil\Batch\BatchAbstract.php(1331): MUtil_Task_TaskBatch->runTask()
#8 D:\data\www\lib\gemstracker\r191\trunk\vendor\magnafacta\mutil\src\MUtil\Batch\BatchAbstract.php(1003): MUtil_Batch_BatchAbstract->step()
#9 D:\data\www\lib\gemstracker\r191\trunk\vendor\magnafacta\mutil\src\MUtil\Snippets\Standard\ModelImportSnippet.php(372): MUtil_Batch_BatchAbstract->run()
#10 D:\data\www\lib\gemstracker\r191\trunk\vendor\magnafacta\mutil\src\MUtil\Snippets\Standard\ModelImportSnippet.php(439): MUtil_Snippets_Standard_ModelImportSnippet->addStep5()
#11 D:\data\www\lib\gemstracker\r191\trunk\vendor\magnafacta\mutil\src\MUtil\Snippets\WizardFormSnippetAbstract.php(258): MUtil_Snippets_Standard_ModelImportSnippet->addStepElementsFor()
#12 D:\data\www\lib\gemstracker\r191\trunk\vendor\gemstracker\gemstracker\classes\Gems\Snippets\Survey\AnswerImportSnippet.php(215): MUtil_Snippets_WizardFormSnippetAbstract->addFormElementsFor()
#13 D:\data\www\lib\gemstracker\r191\trunk\vendor\magnafacta\mutil\src\MUtil\Snippets\WizardFormSnippetAbstract.php(493): Gems_Snippets_Survey_AnswerImportSnippet->getFormFor()
#14 D:\data\www\lib\gemstracker\r191\trunk\vendor\magnafacta\mutil\src\MUtil\Snippets\WizardFormSnippetAbstract.php(538): MUtil_Snippets_WizardFormSnippetAbstract->loadFormFor()
#15 D:\data\www\lib\gemstracker\r191\trunk\vendor\magnafacta\mutil\src\MUtil\Snippets\ModelFormSnippetAbstract.php(446): MUtil_Snippets_WizardFormSnippetAbstract->processForm()
#16 D:\data\www\lib\gemstracker\r191\trunk\vendor\magnafacta\mutil\src\MUtil\Snippets\Standard\ModelImportSnippet.php(910): MUtil_Snippets_ModelFormSnippetAbstract->hasHtmlOutput()
#17 D:\data\www\lib\gemstracker\r191\trunk\vendor\magnafacta\mutil\src\MUtil\Controller\Action.php(204): MUtil_Snippets_Standard_ModelImportSnippet->hasHtmlOutput()
#18 D:\data\www\lib\gemstracker\r191\trunk\vendor\gemstracker\gemstracker\classes\Gems\Default\FileImportAction.php(47): MUtil_Controller_Action->addSnippets()
#19 D:\data\www\lib\gemstracker\r191\trunk\vendor\shardj\zf1-future\library\Zend\Controller\Action.php(516): Gems_Default_FileImportAction->answersImportAction()
#20 D:\data\www\lib\gemstracker\r191\trunk\vendor\shardj\zf1-future\library\Zend\Controller\Dispatcher\Standard.php(308): Zend_Controller_Action->dispatch()
#21 D:\data\www\lib\gemstracker\r191\trunk\vendor\shardj\zf1-future\library\Zend\Controller\Front.php(954): Zend_Controller_Dispatcher_Standard->dispatch()
#22 D:\data\www\lib\gemstracker\r191\trunk\vendor\shardj\zf1-future\library\Zend\Application\Bootstrap\Bootstrap.php(105): Zend_Controller_Front->dispatch()
#23 D:\data\www\lib\gemstracker\r191\trunk\vendor\magnafacta\mutil\src\MUtil\Application\Escort.php(409): Zend_Application_Bootstrap_Bootstrap->run()
#24 D:\data\www\lib\gemstracker\r191\trunk\vendor\shardj\zf1-future\library\Zend\Application.php(400): MUtil_Application_Escort->run()
#25 D:\data\www\lib\gemstracker\r191\trunk\vendor\gemstracker\gemstracker\pre_bootstrap.php(56): Zend_Application->run()
#26 D:\data\www\html\knoond\index.php(113): require('D:\\data\\www\\lib...')
#27 {main}
2024-04-11T12:43:15+02:00 ERR (3): Mysqli statement execute error : Incorrect decimal value: '' for column '131838X638X12788' at row 1
#0 D:\data\www\lib\gemstracker\r191\trunk\vendor\shardj\zf1-future\library\Zend\Db\Statement.php(303): Zend_Db_Statement_Mysqli->_execute()
#1 D:\data\www\lib\gemstracker\r191\trunk\vendor\shardj\zf1-future\library\Zend\Db\Adapter\Abstract.php(480): Zend_Db_Statement->execute()
#2 D:\data\www\lib\gemstracker\r191\trunk\vendor\shardj\zf1-future\library\Zend\Db\Adapter\Abstract.php(577): Zend_Db_Adapter_Abstract->query()
#3 D:\data\www\lib\gemstracker\r191\trunk\vendor\gemstracker\gemstracker\classes\Gems\Tracker\Source\LimeSurvey1m9Database.php(1495): Zend_Db_Adapter_Abstract->insert()
#4 D:\data\www\lib\gemstracker\r191\trunk\vendor\gemstracker\gemstracker\classes\Gems\Tracker\Token.php(2009): Gems_Tracker_Source_LimeSurvey1m9Database->setRawTokenAnswers()
#5 D:\data\www\lib\gemstracker\r191\trunk\vendor\gemstracker\gemstracker\classes\Gems\Task\Import\SaveAnswerTask.php(208): Gems_Tracker_Token->setRawAnswers()
#6 D:\data\www\lib\gemstracker\r191\trunk\vendor\magnafacta\mutil\src\MUtil\Task\TaskBatch.php(170): Gems_Task_Import_SaveAnswerTask->execute()
#7 D:\data\www\lib\gemstracker\r191\trunk\vendor\magnafacta\mutil\src\MUtil\Batch\BatchAbstract.php(1331): MUtil_Task_TaskBatch->runTask()
#8 D:\data\www\lib\gemstracker\r191\trunk\vendor\magnafacta\mutil\src\MUtil\Batch\BatchAbstract.php(1003): MUtil_Batch_BatchAbstract->step()
#9 D:\data\www\lib\gemstracker\r191\trunk\vendor\magnafacta\mutil\src\MUtil\Snippets\Standard\ModelImportSnippet.php(372): MUtil_Batch_BatchAbstract->run()
#10 D:\data\www\lib\gemstracker\r191\trunk\vendor\magnafacta\mutil\src\MUtil\Snippets\Standard\ModelImportSnippet.php(439): MUtil_Snippets_Standard_ModelImportSnippet->addStep5()
#11 D:\data\www\lib\gemstracker\r191\trunk\vendor\magnafacta\mutil\src\MUtil\Snippets\WizardFormSnippetAbstract.php(258): MUtil_Snippets_Standard_ModelImportSnippet->addStepElementsFor()
#12 D:\data\www\lib\gemstracker\r191\trunk\vendor\gemstracker\gemstracker\classes\Gems\Snippets\Survey\AnswerImportSnippet.php(215): MUtil_Snippets_WizardFormSnippetAbstract->addFormElementsFor()
#13 D:\data\www\lib\gemstracker\r191\trunk\vendor\magnafacta\mutil\src\MUtil\Snippets\WizardFormSnippetAbstract.php(493): Gems_Snippets_Survey_AnswerImportSnippet->getFormFor()
#14 D:\data\www\lib\gemstracker\r191\trunk\vendor\magnafacta\mutil\src\MUtil\Snippets\WizardFormSnippetAbstract.php(538): MUtil_Snippets_WizardFormSnippetAbstract->loadFormFor()
#15 D:\data\www\lib\gemstracker\r191\trunk\vendor\magnafacta\mutil\src\MUtil\Snippets\ModelFormSnippetAbstract.php(446): MUtil_Snippets_WizardFormSnippetAbstract->processForm()
#16 D:\data\www\lib\gemstracker\r191\trunk\vendor\magnafacta\mutil\src\MUtil\Snippets\Standard\ModelImportSnippet.php(910): MUtil_Snippets_ModelFormSnippetAbstract->hasHtmlOutput()
#17 D:\data\www\lib\gemstracker\r191\trunk\vendor\magnafacta\mutil\src\MUtil\Controller\Action.php(204): MUtil_Snippets_Standard_ModelImportSnippet->hasHtmlOutput()
#18 D:\data\www\lib\gemstracker\r191\trunk\vendor\gemstracker\gemstracker\classes\Gems\Default\FileImportAction.php(47): MUtil_Controller_Action->addSnippets()
#19 D:\data\www\lib\gemstracker\r191\trunk\vendor\shardj\zf1-future\library\Zend\Controller\Action.php(516): Gems_Default_FileImportAction->answersImportAction()
#20 D:\data\www\lib\gemstracker\r191\trunk\vendor\shardj\zf1-future\library\Zend\Controller\Dispatcher\Standard.php(308): Zend_Controller_Action->dispatch()
#21 D:\data\www\lib\gemstracker\r191\trunk\vendor\shardj\zf1-future\library\Zend\Controller\Front.php(954): Zend_Controller_Dispatcher_Standard->dispatch()
#22 D:\data\www\lib\gemstracker\r191\trunk\vendor\shardj\zf1-future\library\Zend\Application\Bootstrap\Bootstrap.php(105): Zend_Controller_Front->dispatch()
#23 D:\data\www\lib\gemstracker\r191\trunk\vendor\magnafacta\mutil\src\MUtil\Application\Escort.php(409): Zend_Application_Bootstrap_Bootstrap->run()
#24 D:\data\www\lib\gemstracker\r191\trunk\vendor\shardj\zf1-future\library\Zend\Application.php(400): MUtil_Application_Escort->run()
#25 D:\data\www\lib\gemstracker\r191\trunk\vendor\gemstracker\gemstracker\pre_bootstrap.php(56): Zend_Application->run()
#26 D:\data\www\html\knoond\index.php(113): require('D:\\data\\www\\lib...')
#27 {main}
2024-04-11T12:49:25+02:00 ERR (3): Mysqli statement execute error : Incorrect decimal value: '' for column '131838X638X12788' at row 1
#0 D:\data\www\lib\gemstracker\r191\trunk\vendor\shardj\zf1-future\library\Zend\Db\Statement.php(303): Zend_Db_Statement_Mysqli->_execute()
#1 D:\data\www\lib\gemstracker\r191\trunk\vendor\shardj\zf1-future\library\Zend\Db\Adapter\Abstract.php(480): Zend_Db_Statement->execute()
#2 D:\data\www\lib\gemstracker\r191\trunk\vendor\shardj\zf1-future\library\Zend\Db\Adapter\Abstract.php(636): Zend_Db_Adapter_Abstract->query()
#3 D:\data\www\lib\gemstracker\r191\trunk\vendor\gemstracker\gemstracker\classes\Gems\Tracker\Source\LimeSurvey1m9Database.php(1485): Zend_Db_Adapter_Abstract->update()
#4 D:\data\www\lib\gemstracker\r191\trunk\vendor\gemstracker\gemstracker\classes\Gems\Tracker\Token.php(2009): Gems_Tracker_Source_LimeSurvey1m9Database->setRawTokenAnswers()
#5 D:\data\www\lib\gemstracker\r191\trunk\vendor\gemstracker\gemstracker\classes\Gems\Task\Import\SaveAnswerTask.php(208): Gems_Tracker_Token->setRawAnswers()
#6 D:\data\www\lib\gemstracker\r191\trunk\vendor\magnafacta\mutil\src\MUtil\Task\TaskBatch.php(170): Gems_Task_Import_SaveAnswerTask->execute()
#7 D:\data\www\lib\gemstracker\r191\trunk\vendor\magnafacta\mutil\src\MUtil\Batch\BatchAbstract.php(1331): MUtil_Task_TaskBatch->runTask()
#8 D:\data\www\lib\gemstracker\r191\trunk\vendor\magnafacta\mutil\src\MUtil\Batch\BatchAbstract.php(1003): MUtil_Batch_BatchAbstract->step()
#9 D:\data\www\lib\gemstracker\r191\trunk\vendor\magnafacta\mutil\src\MUtil\Snippets\Standard\ModelImportSnippet.php(372): MUtil_Batch_BatchAbstract->run()
#10 D:\data\www\lib\gemstracker\r191\trunk\vendor\magnafacta\mutil\src\MUtil\Snippets\Standard\ModelImportSnippet.php(439): MUtil_Snippets_Standard_ModelImportSnippet->addStep5()
#11 D:\data\www\lib\gemstracker\r191\trunk\vendor\magnafacta\mutil\src\MUtil\Snippets\WizardFormSnippetAbstract.php(258): MUtil_Snippets_Standard_ModelImportSnippet->addStepElementsFor()
#12 D:\data\www\lib\gemstracker\r191\trunk\vendor\gemstracker\gemstracker\classes\Gems\Snippets\Survey\AnswerImportSnippet.php(215): MUtil_Snippets_WizardFormSnippetAbstract->addFormElementsFor()
#13 D:\data\www\lib\gemstracker\r191\trunk\vendor\magnafacta\mutil\src\MUtil\Snippets\WizardFormSnippetAbstract.php(493): Gems_Snippets_Survey_AnswerImportSnippet->getFormFor()
#14 D:\data\www\lib\gemstracker\r191\trunk\vendor\magnafacta\mutil\src\MUtil\Snippets\WizardFormSnippetAbstract.php(538): MUtil_Snippets_WizardFormSnippetAbstract->loadFormFor()
#15 D:\data\www\lib\gemstracker\r191\trunk\vendor\magnafacta\mutil\src\MUtil\Snippets\ModelFormSnippetAbstract.php(446): MUtil_Snippets_WizardFormSnippetAbstract->processForm()
#16 D:\data\www\lib\gemstracker\r191\trunk\vendor\magnafacta\mutil\src\MUtil\Snippets\Standard\ModelImportSnippet.php(910): MUtil_Snippets_ModelFormSnippetAbstract->hasHtmlOutput()
#17 D:\data\www\lib\gemstracker\r191\trunk\vendor\magnafacta\mutil\src\MUtil\Controller\Action.php(204): MUtil_Snippets_Standard_ModelImportSnippet->hasHtmlOutput()
#18 D:\data\www\lib\gemstracker\r191\trunk\vendor\gemstracker\gemstracker\classes\Gems\Default\FileImportAction.php(47): MUtil_Controller_Action->addSnippets()
#19 D:\data\www\lib\gemstracker\r191\trunk\vendor\shardj\zf1-future\library\Zend\Controller\Action.php(516): Gems_Default_FileImportAction->answersImportAction()
#20 D:\data\www\lib\gemstracker\r191\trunk\vendor\shardj\zf1-future\library\Zend\Controller\Dispatcher\Standard.php(308): Zend_Controller_Action->dispatch()
#21 D:\data\www\lib\gemstracker\r191\trunk\vendor\shardj\zf1-future\library\Zend\Controller\Front.php(954): Zend_Controller_Dispatcher_Standard->dispatch()
#22 D:\data\www\lib\gemstracker\r191\trunk\vendor\shardj\zf1-future\library\Zend\Application\Bootstrap\Bootstrap.php(105): Zend_Controller_Front->dispatch()
#23 D:\data\www\lib\gemstracker\r191\trunk\vendor\magnafacta\mutil\src\MUtil\Application\Escort.php(409): Zend_Application_Bootstrap_Bootstrap->run()
#24 D:\data\www\lib\gemstracker\r191\trunk\vendor\shardj\zf1-future\library\Zend\Application.php(400): MUtil_Application_Escort->run()
#25 D:\data\www\lib\gemstracker\r191\trunk\vendor\gemstracker\gemstracker\pre_bootstrap.php(56): Zend_Application->run()
#26 D:\data\www\html\knoond\index.php(113): require('D:\\data\\www\\lib...')
#27 {main}
2024-04-11T12:50:04+02:00 ERR (3): Mysqli statement execute error : Incorrect decimal value: '' for column '131838X638X12788' at row 1
#0 D:\data\www\lib\gemstracker\r191\trunk\vendor\shardj\zf1-future\library\Zend\Db\Statement.php(303): Zend_Db_Statement_Mysqli->_execute()
#1 D:\data\www\lib\gemstracker\r191\trunk\vendor\shardj\zf1-future\library\Zend\Db\Adapter\Abstract.php(480): Zend_Db_Statement->execute()
#2 D:\data\www\lib\gemstracker\r191\trunk\vendor\shardj\zf1-future\library\Zend\Db\Adapter\Abstract.php(636): Zend_Db_Adapter_Abstract->query()
#3 D:\data\www\lib\gemstracker\r191\trunk\vendor\gemstracker\gemstracker\classes\Gems\Tracker\Source\LimeSurvey1m9Database.php(1485): Zend_Db_Adapter_Abstract->update()
#4 D:\data\www\lib\gemstracker\r191\trunk\vendor\gemstracker\gemstracker\classes\Gems\Tracker\Token.php(2009): Gems_Tracker_Source_LimeSurvey1m9Database->setRawTokenAnswers()
#5 D:\data\www\lib\gemstracker\r191\trunk\vendor\gemstracker\gemstracker\classes\Gems\Task\Import\SaveAnswerTask.php(208): Gems_Tracker_Token->setRawAnswers()
#6 D:\data\www\lib\gemstracker\r191\trunk\vendor\magnafacta\mutil\src\MUtil\Task\TaskBatch.php(170): Gems_Task_Import_SaveAnswerTask->execute()
#7 D:\data\www\lib\gemstracker\r191\trunk\vendor\magnafacta\mutil\src\MUtil\Batch\BatchAbstract.php(1331): MUtil_Task_TaskBatch->runTask()
#8 D:\data\www\lib\gemstracker\r191\trunk\vendor\magnafacta\mutil\src\MUtil\Batch\BatchAbstract.php(1003): MUtil_Batch_BatchAbstract->step()
#9 D:\data\www\lib\gemstracker\r191\trunk\vendor\magnafacta\mutil\src\MUtil\Snippets\Standard\ModelImportSnippet.php(372): MUtil_Batch_BatchAbstract->run()
#10 D:\data\www\lib\gemstracker\r191\trunk\vendor\magnafacta\mutil\src\MUtil\Snippets\Standard\ModelImportSnippet.php(439): MUtil_Snippets_Standard_ModelImportSnippet->addStep5()
#11 D:\data\www\lib\gemstracker\r191\trunk\vendor\magnafacta\mutil\src\MUtil\Snippets\WizardFormSnippetAbstract.php(258): MUtil_Snippets_Standard_ModelImportSnippet->addStepElementsFor()
#12 D:\data\www\lib\gemstracker\r191\trunk\vendor\gemstracker\gemstracker\classes\Gems\Snippets\Survey\AnswerImportSnippet.php(215): MUtil_Snippets_WizardFormSnippetAbstract->addFormElementsFor()
#13 D:\data\www\lib\gemstracker\r191\trunk\vendor\magnafacta\mutil\src\MUtil\Snippets\WizardFormSnippetAbstract.php(493): Gems_Snippets_Survey_AnswerImportSnippet->getFormFor()
#14 D:\data\www\lib\gemstracker\r191\trunk\vendor\magnafacta\mutil\src\MUtil\Snippets\WizardFormSnippetAbstract.php(538): MUtil_Snippets_WizardFormSnippetAbstract->loadFormFor()
#15 D:\data\www\lib\gemstracker\r191\trunk\vendor\magnafacta\mutil\src\MUtil\Snippets\ModelFormSnippetAbstract.php(446): MUtil_Snippets_WizardFormSnippetAbstract->processForm()
#16 D:\data\www\lib\gemstracker\r191\trunk\vendor\magnafacta\mutil\src\MUtil\Snippets\Standard\ModelImportSnippet.php(910): MUtil_Snippets_ModelFormSnippetAbstract->hasHtmlOutput()
#17 D:\data\www\lib\gemstracker\r191\trunk\vendor\magnafacta\mutil\src\MUtil\Controller\Action.php(204): MUtil_Snippets_Standard_ModelImportSnippet->hasHtmlOutput()
#18 D:\data\www\lib\gemstracker\r191\trunk\vendor\gemstracker\gemstracker\classes\Gems\Default\FileImportAction.php(47): MUtil_Controller_Action->addSnippets()
#19 D:\data\www\lib\gemstracker\r191\trunk\vendor\shardj\zf1-future\library\Zend\Controller\Action.php(516): Gems_Default_FileImportAction->answersImportAction()
#20 D:\data\www\lib\gemstracker\r191\trunk\vendor\shardj\zf1-future\library\Zend\Controller\Dispatcher\Standard.php(308): Zend_Controller_Action->dispatch()
#21 D:\data\www\lib\gemstracker\r191\trunk\vendor\shardj\zf1-future\library\Zend\Controller\Front.php(954): Zend_Controller_Dispatcher_Standard->dispatch()
#22 D:\data\www\lib\gemstracker\r191\trunk\vendor\shardj\zf1-future\library\Zend\Application\Bootstrap\Bootstrap.php(105): Zend_Controller_Front->dispatch()
#23 D:\data\www\lib\gemstracker\r191\trunk\vendor\magnafacta\mutil\src\MUtil\Application\Escort.php(409): Zend_Application_Bootstrap_Bootstrap->run()
#24 D:\data\www\lib\gemstracker\r191\trunk\vendor\shardj\zf1-future\library\Zend\Application.php(400): MUtil_Application_Escort->run()
#25 D:\data\www\lib\gemstracker\r191\trunk\vendor\gemstracker\gemstracker\pre_bootstrap.php(56): Zend_Application->run()
#26 D:\data\www\html\knoond\index.php(113): require('D:\\data\\www\\lib...')
#27 {main}
2024-04-11T12:52:23+02:00 ERR (3): Mysqli statement execute error : Incorrect decimal value: '' for column '131838X638X12788' at row 1
#0 D:\data\www\lib\gemstracker\r191\trunk\vendor\shardj\zf1-future\library\Zend\Db\Statement.php(303): Zend_Db_Statement_Mysqli->_execute()
#1 D:\data\www\lib\gemstracker\r191\trunk\vendor\shardj\zf1-future\library\Zend\Db\Adapter\Abstract.php(480): Zend_Db_Statement->execute()
#2 D:\data\www\lib\gemstracker\r191\trunk\vendor\shardj\zf1-future\library\Zend\Db\Adapter\Abstract.php(636): Zend_Db_Adapter_Abstract->query()
#3 D:\data\www\lib\gemstracker\r191\trunk\vendor\gemstracker\gemstracker\classes\Gems\Tracker\Source\LimeSurvey1m9Database.php(1485): Zend_Db_Adapter_Abstract->update()
#4 D:\data\www\lib\gemstracker\r191\trunk\vendor\gemstracker\gemstracker\classes\Gems\Tracker\Token.php(2009): Gems_Tracker_Source_LimeSurvey1m9Database->setRawTokenAnswers()
#5 D:\data\www\lib\gemstracker\r191\trunk\vendor\gemstracker\gemstracker\classes\Gems\Task\Import\SaveAnswerTask.php(208): Gems_Tracker_Token->setRawAnswers()
#6 D:\data\www\lib\gemstracker\r191\trunk\vendor\magnafacta\mutil\src\MUtil\Task\TaskBatch.php(170): Gems_Task_Import_SaveAnswerTask->execute()
#7 D:\data\www\lib\gemstracker\r191\trunk\vendor\magnafacta\mutil\src\MUtil\Batch\BatchAbstract.php(1331): MUtil_Task_TaskBatch->runTask()
#8 D:\data\www\lib\gemstracker\r191\trunk\vendor\magnafacta\mutil\src\MUtil\Batch\BatchAbstract.php(1003): MUtil_Batch_BatchAbstract->step()
#9 D:\data\www\lib\gemstracker\r191\trunk\vendor\magnafacta\mutil\src\MUtil\Snippets\Standard\ModelImportSnippet.php(372): MUtil_Batch_BatchAbstract->run()
#10 D:\data\www\lib\gemstracker\r191\trunk\vendor\magnafacta\mutil\src\MUtil\Snippets\Standard\ModelImportSnippet.php(439): MUtil_Snippets_Standard_ModelImportSnippet->addStep5()
#11 D:\data\www\lib\gemstracker\r191\trunk\vendor\magnafacta\mutil\src\MUtil\Snippets\WizardFormSnippetAbstract.php(258): MUtil_Snippets_Standard_ModelImportSnippet->addStepElementsFor()
#12 D:\data\www\lib\gemstracker\r191\trunk\vendor\gemstracker\gemstracker\classes\Gems\Snippets\Survey\AnswerImportSnippet.php(215): MUtil_Snippets_WizardFormSnippetAbstract->addFormElementsFor()
#13 D:\data\www\lib\gemstracker\r191\trunk\vendor\magnafacta\mutil\src\MUtil\Snippets\WizardFormSnippetAbstract.php(493): Gems_Snippets_Survey_AnswerImportSnippet->getFormFor()
#14 D:\data\www\lib\gemstracker\r191\trunk\vendor\magnafacta\mutil\src\MUtil\Snippets\WizardFormSnippetAbstract.php(538): MUtil_Snippets_WizardFormSnippetAbstract->loadFormFor()
#15 D:\data\www\lib\gemstracker\r191\trunk\vendor\magnafacta\mutil\src\MUtil\Snippets\ModelFormSnippetAbstract.php(446): MUtil_Snippets_WizardFormSnippetAbstract->processForm()
#16 D:\data\www\lib\gemstracker\r191\trunk\vendor\magnafacta\mutil\src\MUtil\Snippets\Standard\ModelImportSnippet.php(910): MUtil_Snippets_ModelFormSnippetAbstract->hasHtmlOutput()
#17 D:\data\www\lib\gemstracker\r191\trunk\vendor\magnafacta\mutil\src\MUtil\Controller\Action.php(204): MUtil_Snippets_Standard_ModelImportSnippet->hasHtmlOutput()
#18 D:\data\www\lib\gemstracker\r191\trunk\vendor\gemstracker\gemstracker\classes\Gems\Default\FileImportAction.php(47): MUtil_Controller_Action->addSnippets()
#19 D:\data\www\lib\gemstracker\r191\trunk\vendor\shardj\zf1-future\library\Zend\Controller\Action.php(516): Gems_Default_FileImportAction->answersImportAction()
#20 D:\data\www\lib\gemstracker\r191\trunk\vendor\shardj\zf1-future\library\Zend\Controller\Dispatcher\Standard.php(308): Zend_Controller_Action->dispatch()
#21 D:\data\www\lib\gemstracker\r191\trunk\vendor\shardj\zf1-future\library\Zend\Controller\Front.php(954): Zend_Controller_Dispatcher_Standard->dispatch()
#22 D:\data\www\lib\gemstracker\r191\trunk\vendor\shardj\zf1-future\library\Zend\Application\Bootstrap\Bootstrap.php(105): Zend_Controller_Front->dispatch()
#23 D:\data\www\lib\gemstracker\r191\trunk\vendor\magnafacta\mutil\src\MUtil\Application\Escort.php(409): Zend_Application_Bootstrap_Bootstrap->run()
#24 D:\data\www\lib\gemstracker\r191\trunk\vendor\shardj\zf1-future\library\Zend\Application.php(400): MUtil_Application_Escort->run()
#25 D:\data\www\lib\gemstracker\r191\trunk\vendor\gemstracker\gemstracker\pre_bootstrap.php(56): Zend_Application->run()
#26 D:\data\www\html\knoond\index.php(113): require('D:\\data\\www\\lib...')
#27 {main}
2024-04-11T12:52:42+02:00 ERR (3): Mysqli statement execute error : Incorrect decimal value: '' for column '131838X638X12788' at row 1
#0 D:\data\www\lib\gemstracker\r191\trunk\vendor\shardj\zf1-future\library\Zend\Db\Statement.php(303): Zend_Db_Statement_Mysqli->_execute()
#1 D:\data\www\lib\gemstracker\r191\trunk\vendor\shardj\zf1-future\library\Zend\Db\Adapter\Abstract.php(480): Zend_Db_Statement->execute()
#2 D:\data\www\lib\gemstracker\r191\trunk\vendor\shardj\zf1-future\library\Zend\Db\Adapter\Abstract.php(636): Zend_Db_Adapter_Abstract->query()
#3 D:\data\www\lib\gemstracker\r191\trunk\vendor\gemstracker\gemstracker\classes\Gems\Tracker\Source\LimeSurvey1m9Database.php(1485): Zend_Db_Adapter_Abstract->update()
#4 D:\data\www\lib\gemstracker\r191\trunk\vendor\gemstracker\gemstracker\classes\Gems\Tracker\Token.php(2009): Gems_Tracker_Source_LimeSurvey1m9Database->setRawTokenAnswers()
#5 D:\data\www\lib\gemstracker\r191\trunk\vendor\gemstracker\gemstracker\classes\Gems\Task\Import\SaveAnswerTask.php(208): Gems_Tracker_Token->setRawAnswers()
#6 D:\data\www\lib\gemstracker\r191\trunk\vendor\magnafacta\mutil\src\MUtil\Task\TaskBatch.php(170): Gems_Task_Import_SaveAnswerTask->execute()
#7 D:\data\www\lib\gemstracker\r191\trunk\vendor\magnafacta\mutil\src\MUtil\Batch\BatchAbstract.php(1331): MUtil_Task_TaskBatch->runTask()
#8 D:\data\www\lib\gemstracker\r191\trunk\vendor\magnafacta\mutil\src\MUtil\Batch\BatchAbstract.php(1003): MUtil_Batch_BatchAbstract->step()
#9 D:\data\www\lib\gemstracker\r191\trunk\vendor\magnafacta\mutil\src\MUtil\Snippets\Standard\ModelImportSnippet.php(372): MUtil_Batch_BatchAbstract->run()
#10 D:\data\www\lib\gemstracker\r191\trunk\vendor\magnafacta\mutil\src\MUtil\Snippets\Standard\ModelImportSnippet.php(439): MUtil_Snippets_Standard_ModelImportSnippet->addStep5()
#11 D:\data\www\lib\gemstracker\r191\trunk\vendor\magnafacta\mutil\src\MUtil\Snippets\WizardFormSnippetAbstract.php(258): MUtil_Snippets_Standard_ModelImportSnippet->addStepElementsFor()
#12 D:\data\www\lib\gemstracker\r191\trunk\vendor\gemstracker\gemstracker\classes\Gems\Snippets\Survey\AnswerImportSnippet.php(215): MUtil_Snippets_WizardFormSnippetAbstract->addFormElementsFor()
#13 D:\data\www\lib\gemstracker\r191\trunk\vendor\magnafacta\mutil\src\MUtil\Snippets\WizardFormSnippetAbstract.php(493): Gems_Snippets_Survey_AnswerImportSnippet->getFormFor()
#14 D:\data\www\lib\gemstracker\r191\trunk\vendor\magnafacta\mutil\src\MUtil\Snippets\WizardFormSnippetAbstract.php(538): MUtil_Snippets_WizardFormSnippetAbstract->loadFormFor()
#15 D:\data\www\lib\gemstracker\r191\trunk\vendor\magnafacta\mutil\src\MUtil\Snippets\ModelFormSnippetAbstract.php(446): MUtil_Snippets_WizardFormSnippetAbstract->processForm()
#16 D:\data\www\lib\gemstracker\r191\trunk\vendor\magnafacta\mutil\src\MUtil\Snippets\Standard\ModelImportSnippet.php(910): MUtil_Snippets_ModelFormSnippetAbstract->hasHtmlOutput()
#17 D:\data\www\lib\gemstracker\r191\trunk\vendor\magnafacta\mutil\src\MUtil\Controller\Action.php(204): MUtil_Snippets_Standard_ModelImportSnippet->hasHtmlOutput()
#18 D:\data\www\lib\gemstracker\r191\trunk\vendor\gemstracker\gemstracker\classes\Gems\Default\FileImportAction.php(47): MUtil_Controller_Action->addSnippets()
#19 D:\data\www\lib\gemstracker\r191\trunk\vendor\shardj\zf1-future\library\Zend\Controller\Action.php(516): Gems_Default_FileImportAction->answersImportAction()
#20 D:\data\www\lib\gemstracker\r191\trunk\vendor\shardj\zf1-future\library\Zend\Controller\Dispatcher\Standard.php(308): Zend_Controller_Action->dispatch()
#21 D:\data\www\lib\gemstracker\r191\trunk\vendor\shardj\zf1-future\library\Zend\Controller\Front.php(954): Zend_Controller_Dispatcher_Standard->dispatch()
#22 D:\data\www\lib\gemstracker\r191\trunk\vendor\shardj\zf1-future\library\Zend\Application\Bootstrap\Bootstrap.php(105): Zend_Controller_Front->dispatch()
#23 D:\data\www\lib\gemstracker\r191\trunk\vendor\magnafacta\mutil\src\MUtil\Application\Escort.php(409): Zend_Application_Bootstrap_Bootstrap->run()
#24 D:\data\www\lib\gemstracker\r191\trunk\vendor\shardj\zf1-future\library\Zend\Application.php(400): MUtil_Application_Escort->run()
#25 D:\data\www\lib\gemstracker\r191\trunk\vendor\gemstracker\gemstracker\pre_bootstrap.php(56): Zend_Application->run()
#26 D:\data\www\html\knoond\index.php(113): require('D:\\data\\www\\lib...')
#27 {main}
2024-04-11T12:58:09+02:00 ERR (3): The survey with id 90 for token 9zk4_4fs9 does not exist.
#0 D:\data\www\lib\gemstracker\r191\trunk\vendor\gemstracker\gemstracker\classes\Gems\Tracker\Survey.php(250): Gems_Tracker_Source_LimeSurvey1m9Database->copyTokenToSource()
#1 D:\data\www\lib\gemstracker\r191\trunk\vendor\gemstracker\gemstracker\classes\Gems\Tracker\Token.php(1538): Gems_Tracker_Survey->copyTokenToSource()
#2 D:\data\www\lib\gemstracker\r191\trunk\vendor\gemstracker\gemstracker\classes\Gems\Task\Import\SaveAnswerTask.php(206): Gems_Tracker_Token->getUrl()
#3 D:\data\www\lib\gemstracker\r191\trunk\vendor\magnafacta\mutil\src\MUtil\Task\TaskBatch.php(170): Gems_Task_Import_SaveAnswerTask->execute()
#4 D:\data\www\lib\gemstracker\r191\trunk\vendor\magnafacta\mutil\src\MUtil\Batch\BatchAbstract.php(1331): MUtil_Task_TaskBatch->runTask()
#5 D:\data\www\lib\gemstracker\r191\trunk\vendor\magnafacta\mutil\src\MUtil\Batch\BatchAbstract.php(1003): MUtil_Batch_BatchAbstract->step()
#6 D:\data\www\lib\gemstracker\r191\trunk\vendor\magnafacta\mutil\src\MUtil\Snippets\Standard\ModelImportSnippet.php(372): MUtil_Batch_BatchAbstract->run()
#7 D:\data\www\lib\gemstracker\r191\trunk\vendor\magnafacta\mutil\src\MUtil\Snippets\Standard\ModelImportSnippet.php(439): MUtil_Snippets_Standard_ModelImportSnippet->addStep5()
#8 D:\data\www\lib\gemstracker\r191\trunk\vendor\magnafacta\mutil\src\MUtil\Snippets\WizardFormSnippetAbstract.php(258): MUtil_Snippets_Standard_ModelImportSnippet->addStepElementsFor()
#9 D:\data\www\lib\gemstracker\r191\trunk\vendor\gemstracker\gemstracker\classes\Gems\Snippets\Survey\AnswerImportSnippet.php(215): MUtil_Snippets_WizardFormSnippetAbstract->addFormElementsFor()
#10 D:\data\www\lib\gemstracker\r191\trunk\vendor\magnafacta\mutil\src\MUtil\Snippets\WizardFormSnippetAbstract.php(493): Gems_Snippets_Survey_AnswerImportSnippet->getFormFor()
#11 D:\data\www\lib\gemstracker\r191\trunk\vendor\magnafacta\mutil\src\MUtil\Snippets\WizardFormSnippetAbstract.php(538): MUtil_Snippets_WizardFormSnippetAbstract->loadFormFor()
#12 D:\data\www\lib\gemstracker\r191\trunk\vendor\magnafacta\mutil\src\MUtil\Snippets\ModelFormSnippetAbstract.php(446): MUtil_Snippets_WizardFormSnippetAbstract->processForm()
#13 D:\data\www\lib\gemstracker\r191\trunk\vendor\magnafacta\mutil\src\MUtil\Snippets\Standard\ModelImportSnippet.php(910): MUtil_Snippets_ModelFormSnippetAbstract->hasHtmlOutput()
#14 D:\data\www\lib\gemstracker\r191\trunk\vendor\magnafacta\mutil\src\MUtil\Controller\Action.php(204): MUtil_Snippets_Standard_ModelImportSnippet->hasHtmlOutput()
#15 D:\data\www\lib\gemstracker\r191\trunk\vendor\gemstracker\gemstracker\classes\Gems\Default\FileImportAction.php(47): MUtil_Controller_Action->addSnippets()
#16 D:\data\www\lib\gemstracker\r191\trunk\vendor\shardj\zf1-future\library\Zend\Controller\Action.php(516): Gems_Default_FileImportAction->answersImportAction()
#17 D:\data\www\lib\gemstracker\r191\trunk\vendor\shardj\zf1-future\library\Zend\Controller\Dispatcher\Standard.php(308): Zend_Controller_Action->dispatch()
#18 D:\data\www\lib\gemstracker\r191\trunk\vendor\shardj\zf1-future\library\Zend\Controller\Front.php(954): Zend_Controller_Dispatcher_Standard->dispatch()
#19 D:\data\www\lib\gemstracker\r191\trunk\vendor\shardj\zf1-future\library\Zend\Application\Bootstrap\Bootstrap.php(105): Zend_Controller_Front->dispatch()
#20 D:\data\www\lib\gemstracker\r191\trunk\vendor\magnafacta\mutil\src\MUtil\Application\Escort.php(409): Zend_Application_Bootstrap_Bootstrap->run()
#21 D:\data\www\lib\gemstracker\r191\trunk\vendor\shardj\zf1-future\library\Zend\Application.php(400): MUtil_Application_Escort->run()
#22 D:\data\www\lib\gemstracker\r191\trunk\vendor\gemstracker\gemstracker\pre_bootstrap.php(56): Zend_Application->run()
#23 D:\data\www\html\knoond\index.php(113): require('D:\\data\\www\\lib...')
#24 {main}
2024-04-11T12:58:50+02:00 ERR (3): The survey with id 90 for token 9zk4_4fs9 does not exist.
#0 D:\data\www\lib\gemstracker\r191\trunk\vendor\gemstracker\gemstracker\classes\Gems\Tracker\Survey.php(250): Gems_Tracker_Source_LimeSurvey1m9Database->copyTokenToSource()
#1 D:\data\www\lib\gemstracker\r191\trunk\vendor\gemstracker\gemstracker\classes\Gems\Tracker\Token.php(1538): Gems_Tracker_Survey->copyTokenToSource()
#2 D:\data\www\lib\gemstracker\r191\trunk\vendor\gemstracker\gemstracker\classes\Gems\Task\Import\SaveAnswerTask.php(206): Gems_Tracker_Token->getUrl()
#3 D:\data\www\lib\gemstracker\r191\trunk\vendor\magnafacta\mutil\src\MUtil\Task\TaskBatch.php(170): Gems_Task_Import_SaveAnswerTask->execute()
#4 D:\data\www\lib\gemstracker\r191\trunk\vendor\magnafacta\mutil\src\MUtil\Batch\BatchAbstract.php(1331): MUtil_Task_TaskBatch->runTask()
#5 D:\data\www\lib\gemstracker\r191\trunk\vendor\magnafacta\mutil\src\MUtil\Batch\BatchAbstract.php(1003): MUtil_Batch_BatchAbstract->step()
#6 D:\data\www\lib\gemstracker\r191\trunk\vendor\magnafacta\mutil\src\MUtil\Snippets\Standard\ModelImportSnippet.php(372): MUtil_Batch_BatchAbstract->run()
#7 D:\data\www\lib\gemstracker\r191\trunk\vendor\magnafacta\mutil\src\MUtil\Snippets\Standard\ModelImportSnippet.php(439): MUtil_Snippets_Standard_ModelImportSnippet->addStep5()
#8 D:\data\www\lib\gemstracker\r191\trunk\vendor\magnafacta\mutil\src\MUtil\Snippets\WizardFormSnippetAbstract.php(258): MUtil_Snippets_Standard_ModelImportSnippet->addStepElementsFor()
#9 D:\data\www\lib\gemstracker\r191\trunk\vendor\gemstracker\gemstracker\classes\Gems\Snippets\Survey\AnswerImportSnippet.php(215): MUtil_Snippets_WizardFormSnippetAbstract->addFormElementsFor()
#10 D:\data\www\lib\gemstracker\r191\trunk\vendor\magnafacta\mutil\src\MUtil\Snippets\WizardFormSnippetAbstract.php(493): Gems_Snippets_Survey_AnswerImportSnippet->getFormFor()
#11 D:\data\www\lib\gemstracker\r191\trunk\vendor\magnafacta\mutil\src\MUtil\Snippets\WizardFormSnippetAbstract.php(538): MUtil_Snippets_WizardFormSnippetAbstract->loadFormFor()
#12 D:\data\www\lib\gemstracker\r191\trunk\vendor\magnafacta\mutil\src\MUtil\Snippets\ModelFormSnippetAbstract.php(446): MUtil_Snippets_WizardFormSnippetAbstract->processForm()
#13 D:\data\www\lib\gemstracker\r191\trunk\vendor\magnafacta\mutil\src\MUtil\Snippets\Standard\ModelImportSnippet.php(910): MUtil_Snippets_ModelFormSnippetAbstract->hasHtmlOutput()
#14 D:\data\www\lib\gemstracker\r191\trunk\vendor\magnafacta\mutil\src\MUtil\Controller\Action.php(204): MUtil_Snippets_Standard_ModelImportSnippet->hasHtmlOutput()
#15 D:\data\www\lib\gemstracker\r191\trunk\vendor\gemstracker\gemstracker\classes\Gems\Default\FileImportAction.php(47): MUtil_Controller_Action->addSnippets()
#16 D:\data\www\lib\gemstracker\r191\trunk\vendor\shardj\zf1-future\library\Zend\Controller\Action.php(516): Gems_Default_FileImportAction->answersImportAction()
#17 D:\data\www\lib\gemstracker\r191\trunk\vendor\shardj\zf1-future\library\Zend\Controller\Dispatcher\Standard.php(308): Zend_Controller_Action->dispatch()
#18 D:\data\www\lib\gemstracker\r191\trunk\vendor\shardj\zf1-future\library\Zend\Controller\Front.php(954): Zend_Controller_Dispatcher_Standard->dispatch()
#19 D:\data\www\lib\gemstracker\r191\trunk\vendor\shardj\zf1-future\library\Zend\Application\Bootstrap\Bootstrap.php(105): Zend_Controller_Front->dispatch()
#20 D:\data\www\lib\gemstracker\r191\trunk\vendor\magnafacta\mutil\src\MUtil\Application\Escort.php(409): Zend_Application_Bootstrap_Bootstrap->run()
#21 D:\data\www\lib\gemstracker\r191\trunk\vendor\shardj\zf1-future\library\Zend\Application.php(400): MUtil_Application_Escort->run()
#22 D:\data\www\lib\gemstracker\r191\trunk\vendor\gemstracker\gemstracker\pre_bootstrap.php(56): Zend_Application->run()
#23 D:\data\www\html\knoond\index.php(113): require('D:\\data\\www\\lib...')
#24 {main}
2024-04-11T12:59:59+02:00 ERR (3): The survey with id 90 for token 9zk4_4fs9 does not exist.
#0 D:\data\www\lib\gemstracker\r191\trunk\vendor\gemstracker\gemstracker\classes\Gems\Tracker\Survey.php(250): Gems_Tracker_Source_LimeSurvey1m9Database->copyTokenToSource()
#1 D:\data\www\lib\gemstracker\r191\trunk\vendor\gemstracker\gemstracker\classes\Gems\Tracker\Token.php(1538): Gems_Tracker_Survey->copyTokenToSource()
#2 D:\data\www\lib\gemstracker\r191\trunk\vendor\gemstracker\gemstracker\classes\Gems\Task\Import\SaveAnswerTask.php(206): Gems_Tracker_Token->getUrl()
#3 D:\data\www\lib\gemstracker\r191\trunk\vendor\magnafacta\mutil\src\MUtil\Task\TaskBatch.php(170): Gems_Task_Import_SaveAnswerTask->execute()
#4 D:\data\www\lib\gemstracker\r191\trunk\vendor\magnafacta\mutil\src\MUtil\Batch\BatchAbstract.php(1331): MUtil_Task_TaskBatch->runTask()
#5 D:\data\www\lib\gemstracker\r191\trunk\vendor\magnafacta\mutil\src\MUtil\Batch\BatchAbstract.php(1003): MUtil_Batch_BatchAbstract->step()
#6 D:\data\www\lib\gemstracker\r191\trunk\vendor\magnafacta\mutil\src\MUtil\Snippets\Standard\ModelImportSnippet.php(372): MUtil_Batch_BatchAbstract->run()
#7 D:\data\www\lib\gemstracker\r191\trunk\vendor\magnafacta\mutil\src\MUtil\Snippets\Standard\ModelImportSnippet.php(439): MUtil_Snippets_Standard_ModelImportSnippet->addStep5()
#8 D:\data\www\lib\gemstracker\r191\trunk\vendor\magnafacta\mutil\src\MUtil\Snippets\WizardFormSnippetAbstract.php(258): MUtil_Snippets_Standard_ModelImportSnippet->addStepElementsFor()
#9 D:\data\www\lib\gemstracker\r191\trunk\vendor\gemstracker\gemstracker\classes\Gems\Snippets\Survey\AnswerImportSnippet.php(215): MUtil_Snippets_WizardFormSnippetAbstract->addFormElementsFor()
#10 D:\data\www\lib\gemstracker\r191\trunk\vendor\magnafacta\mutil\src\MUtil\Snippets\WizardFormSnippetAbstract.php(493): Gems_Snippets_Survey_AnswerImportSnippet->getFormFor()
#11 D:\data\www\lib\gemstracker\r191\trunk\vendor\magnafacta\mutil\src\MUtil\Snippets\WizardFormSnippetAbstract.php(538): MUtil_Snippets_WizardFormSnippetAbstract->loadFormFor()
#12 D:\data\www\lib\gemstracker\r191\trunk\vendor\magnafacta\mutil\src\MUtil\Snippets\ModelFormSnippetAbstract.php(446): MUtil_Snippets_WizardFormSnippetAbstract->processForm()
#13 D:\data\www\lib\gemstracker\r191\trunk\vendor\magnafacta\mutil\src\MUtil\Snippets\Standard\ModelImportSnippet.php(910): MUtil_Snippets_ModelFormSnippetAbstract->hasHtmlOutput()
#14 D:\data\www\lib\gemstracker\r191\trunk\vendor\magnafacta\mutil\src\MUtil\Controller\Action.php(204): MUtil_Snippets_Standard_ModelImportSnippet->hasHtmlOutput()
#15 D:\data\www\lib\gemstracker\r191\trunk\vendor\gemstracker\gemstracker\classes\Gems\Default\FileImportAction.php(47): MUtil_Controller_Action->addSnippets()
#16 D:\data\www\lib\gemstracker\r191\trunk\vendor\shardj\zf1-future\library\Zend\Controller\Action.php(516): Gems_Default_FileImportAction->answersImportAction()
#17 D:\data\www\lib\gemstracker\r191\trunk\vendor\shardj\zf1-future\library\Zend\Controller\Dispatcher\Standard.php(308): Zend_Controller_Action->dispatch()
#18 D:\data\www\lib\gemstracker\r191\trunk\vendor\shardj\zf1-future\library\Zend\Controller\Front.php(954): Zend_Controller_Dispatcher_Standard->dispatch()
#19 D:\data\www\lib\gemstracker\r191\trunk\vendor\shardj\zf1-future\library\Zend\Application\Bootstrap\Bootstrap.php(105): Zend_Controller_Front->dispatch()
#20 D:\data\www\lib\gemstracker\r191\trunk\vendor\magnafacta\mutil\src\MUtil\Application\Escort.php(409): Zend_Application_Bootstrap_Bootstrap->run()
#21 D:\data\www\lib\gemstracker\r191\trunk\vendor\shardj\zf1-future\library\Zend\Application.php(400): MUtil_Application_Escort->run()
#22 D:\data\www\lib\gemstracker\r191\trunk\vendor\gemstracker\gemstracker\pre_bootstrap.php(56): Zend_Application->run()
#23 D:\data\www\html\knoond\index.php(113): require('D:\\data\\www\\lib...')
#24 {main}
2024-04-11T13:01:47+02:00 ERR (3): Mysqli statement execute error : Incorrect decimal value: '' for column '131838X638X12788' at row 1
#0 D:\data\www\lib\gemstracker\r191\trunk\vendor\shardj\zf1-future\library\Zend\Db\Statement.php(303): Zend_Db_Statement_Mysqli->_execute()
#1 D:\data\www\lib\gemstracker\r191\trunk\vendor\shardj\zf1-future\library\Zend\Db\Adapter\Abstract.php(480): Zend_Db_Statement->execute()
#2 D:\data\www\lib\gemstracker\r191\trunk\vendor\shardj\zf1-future\library\Zend\Db\Adapter\Abstract.php(577): Zend_Db_Adapter_Abstract->query()
#3 D:\data\www\lib\gemstracker\r191\trunk\vendor\gemstracker\gemstracker\classes\Gems\Tracker\Source\LimeSurvey1m9Database.php(1495): Zend_Db_Adapter_Abstract->insert()
#4 D:\data\www\lib\gemstracker\r191\trunk\vendor\gemstracker\gemstracker\classes\Gems\Tracker\Token.php(2009): Gems_Tracker_Source_LimeSurvey1m9Database->setRawTokenAnswers()
#5 D:\data\www\lib\gemstracker\r191\trunk\vendor\gemstracker\gemstracker\classes\Gems\Task\Import\SaveAnswerTask.php(208): Gems_Tracker_Token->setRawAnswers()
#6 D:\data\www\lib\gemstracker\r191\trunk\vendor\magnafacta\mutil\src\MUtil\Task\TaskBatch.php(170): Gems_Task_Import_SaveAnswerTask->execute()
#7 D:\data\www\lib\gemstracker\r191\trunk\vendor\magnafacta\mutil\src\MUtil\Batch\BatchAbstract.php(1331): MUtil_Task_TaskBatch->runTask()
#8 D:\data\www\lib\gemstracker\r191\trunk\vendor\magnafacta\mutil\src\MUtil\Batch\BatchAbstract.php(1003): MUtil_Batch_BatchAbstract->step()
#9 D:\data\www\lib\gemstracker\r191\trunk\vendor\magnafacta\mutil\src\MUtil\Snippets\Standard\ModelImportSnippet.php(372): MUtil_Batch_BatchAbstract->run()
#10 D:\data\www\lib\gemstracker\r191\trunk\vendor\magnafacta\mutil\src\MUtil\Snippets\Standard\ModelImportSnippet.php(439): MUtil_Snippets_Standard_ModelImportSnippet->addStep5()
#11 D:\data\www\lib\gemstracker\r191\trunk\vendor\magnafacta\mutil\src\MUtil\Snippets\WizardFormSnippetAbstract.php(258): MUtil_Snippets_Standard_ModelImportSnippet->addStepElementsFor()
#12 D:\data\www\lib\gemstracker\r191\trunk\vendor\gemstracker\gemstracker\classes\Gems\Snippets\Survey\AnswerImportSnippet.php(215): MUtil_Snippets_WizardFormSnippetAbstract->addFormElementsFor()
#13 D:\data\www\lib\gemstracker\r191\trunk\vendor\magnafacta\mutil\src\MUtil\Snippets\WizardFormSnippetAbstract.php(493): Gems_Snippets_Survey_AnswerImportSnippet->getFormFor()
#14 D:\data\www\lib\gemstracker\r191\trunk\vendor\magnafacta\mutil\src\MUtil\Snippets\WizardFormSnippetAbstract.php(538): MUtil_Snippets_WizardFormSnippetAbstract->loadFormFor()
#15 D:\data\www\lib\gemstracker\r191\trunk\vendor\magnafacta\mutil\src\MUtil\Snippets\ModelFormSnippetAbstract.php(446): MUtil_Snippets_WizardFormSnippetAbstract->processForm()
#16 D:\data\www\lib\gemstracker\r191\trunk\vendor\magnafacta\mutil\src\MUtil\Snippets\Standard\ModelImportSnippet.php(910): MUtil_Snippets_ModelFormSnippetAbstract->hasHtmlOutput()
#17 D:\data\www\lib\gemstracker\r191\trunk\vendor\magnafacta\mutil\src\MUtil\Controller\Action.php(204): MUtil_Snippets_Standard_ModelImportSnippet->hasHtmlOutput()
#18 D:\data\www\lib\gemstracker\r191\trunk\vendor\gemstracker\gemstracker\classes\Gems\Default\FileImportAction.php(47): MUtil_Controller_Action->addSnippets()
#19 D:\data\www\lib\gemstracker\r191\trunk\vendor\shardj\zf1-future\library\Zend\Controller\Action.php(516): Gems_Default_FileImportAction->answersImportAction()
#20 D:\data\www\lib\gemstracker\r191\trunk\vendor\shardj\zf1-future\library\Zend\Controller\Dispatcher\Standard.php(308): Zend_Controller_Action->dispatch()
#21 D:\data\www\lib\gemstracker\r191\trunk\vendor\shardj\zf1-future\library\Zend\Controller\Front.php(954): Zend_Controller_Dispatcher_Standard->dispatch()
#22 D:\data\www\lib\gemstracker\r191\trunk\vendor\shardj\zf1-future\library\Zend\Application\Bootstrap\Bootstrap.php(105): Zend_Controller_Front->dispatch()
#23 D:\data\www\lib\gemstracker\r191\trunk\vendor\magnafacta\mutil\src\MUtil\Application\Escort.php(409): Zend_Application_Bootstrap_Bootstrap->run()
#24 D:\data\www\lib\gemstracker\r191\trunk\vendor\shardj\zf1-future\library\Zend\Application.php(400): MUtil_Application_Escort->run()
#25 D:\data\www\lib\gemstracker\r191\trunk\vendor\gemstracker\gemstracker\pre_bootstrap.php(56): Zend_Application->run()
#26 D:\data\www\html\knoond\index.php(113): require('D:\\data\\www\\lib...')
#27 {main}
2024-04-11T13:07:47+02:00 ERR (3): Mysqli statement execute error : Incorrect decimal value: '' for column '131838X638X12788' at row 1
#0 D:\data\www\lib\gemstracker\r191\trunk\vendor\shardj\zf1-future\library\Zend\Db\Statement.php(303): Zend_Db_Statement_Mysqli->_execute()
#1 D:\data\www\lib\gemstracker\r191\trunk\vendor\shardj\zf1-future\library\Zend\Db\Adapter\Abstract.php(480): Zend_Db_Statement->execute()
#2 D:\data\www\lib\gemstracker\r191\trunk\vendor\shardj\zf1-future\library\Zend\Db\Adapter\Abstract.php(577): Zend_Db_Adapter_Abstract->query()
#3 D:\data\www\lib\gemstracker\r191\trunk\vendor\gemstracker\gemstracker\classes\Gems\Tracker\Source\LimeSurvey1m9Database.php(1495): Zend_Db_Adapter_Abstract->insert()
#4 D:\data\www\lib\gemstracker\r191\trunk\vendor\gemstracker\gemstracker\classes\Gems\Tracker\Token.php(2009): Gems_Tracker_Source_LimeSurvey1m9Database->setRawTokenAnswers()
#5 D:\data\www\lib\gemstracker\r191\trunk\vendor\gemstracker\gemstracker\classes\Gems\Task\Import\SaveAnswerTask.php(208): Gems_Tracker_Token->setRawAnswers()
#6 D:\data\www\lib\gemstracker\r191\trunk\vendor\magnafacta\mutil\src\MUtil\Task\TaskBatch.php(170): Gems_Task_Import_SaveAnswerTask->execute()
#7 D:\data\www\lib\gemstracker\r191\trunk\vendor\magnafacta\mutil\src\MUtil\Batch\BatchAbstract.php(1331): MUtil_Task_TaskBatch->runTask()
#8 D:\data\www\lib\gemstracker\r191\trunk\vendor\magnafacta\mutil\src\MUtil\Batch\BatchAbstract.php(1003): MUtil_Batch_BatchAbstract->step()
#9 D:\data\www\lib\gemstracker\r191\trunk\vendor\magnafacta\mutil\src\MUtil\Snippets\Standard\ModelImportSnippet.php(372): MUtil_Batch_BatchAbstract->run()
#10 D:\data\www\lib\gemstracker\r191\trunk\vendor\magnafacta\mutil\src\MUtil\Snippets\Standard\ModelImportSnippet.php(439): MUtil_Snippets_Standard_ModelImportSnippet->addStep5()
#11 D:\data\www\lib\gemstracker\r191\trunk\vendor\magnafacta\mutil\src\MUtil\Snippets\WizardFormSnippetAbstract.php(258): MUtil_Snippets_Standard_ModelImportSnippet->addStepElementsFor()
#12 D:\data\www\lib\gemstracker\r191\trunk\vendor\gemstracker\gemstracker\classes\Gems\Snippets\Survey\AnswerImportSnippet.php(215): MUtil_Snippets_WizardFormSnippetAbstract->addFormElementsFor()
#13 D:\data\www\lib\gemstracker\r191\trunk\vendor\magnafacta\mutil\src\MUtil\Snippets\WizardFormSnippetAbstract.php(493): Gems_Snippets_Survey_AnswerImportSnippet->getFormFor()
#14 D:\data\www\lib\gemstracker\r191\trunk\vendor\magnafacta\mutil\src\MUtil\Snippets\WizardFormSnippetAbstract.php(538): MUtil_Snippets_WizardFormSnippetAbstract->loadFormFor()
#15 D:\data\www\lib\gemstracker\r191\trunk\vendor\magnafacta\mutil\src\MUtil\Snippets\ModelFormSnippetAbstract.php(446): MUtil_Snippets_WizardFormSnippetAbstract->processForm()
#16 D:\data\www\lib\gemstracker\r191\trunk\vendor\magnafacta\mutil\src\MUtil\Snippets\Standard\ModelImportSnippet.php(910): MUtil_Snippets_ModelFormSnippetAbstract->hasHtmlOutput()
#17 D:\data\www\lib\gemstracker\r191\trunk\vendor\magnafacta\mutil\src\MUtil\Controller\Action.php(204): MUtil_Snippets_Standard_ModelImportSnippet->hasHtmlOutput()
#18 D:\data\www\lib\gemstracker\r191\trunk\vendor\gemstracker\gemstracker\classes\Gems\Default\FileImportAction.php(47): MUtil_Controller_Action->addSnippets()
#19 D:\data\www\lib\gemstracker\r191\trunk\vendor\shardj\zf1-future\library\Zend\Controller\Action.php(516): Gems_Default_FileImportAction->answersImportAction()
#20 D:\data\www\lib\gemstracker\r191\trunk\vendor\shardj\zf1-future\library\Zend\Controller\Dispatcher\Standard.php(308): Zend_Controller_Action->dispatch()
#21 D:\data\www\lib\gemstracker\r191\trunk\vendor\shardj\zf1-future\library\Zend\Controller\Front.php(954): Zend_Controller_Dispatcher_Standard->dispatch()
#22 D:\data\www\lib\gemstracker\r191\trunk\vendor\shardj\zf1-future\library\Zend\Application\Bootstrap\Bootstrap.php(105): Zend_Controller_Front->dispatch()
#23 D:\data\www\lib\gemstracker\r191\trunk\vendor\magnafacta\mutil\src\MUtil\Application\Escort.php(409): Zend_Application_Bootstrap_Bootstrap->run()
#24 D:\data\www\lib\gemstracker\r191\trunk\vendor\shardj\zf1-future\library\Zend\Application.php(400): MUtil_Application_Escort->run()
#25 D:\data\www\lib\gemstracker\r191\trunk\vendor\gemstracker\gemstracker\pre_bootstrap.php(56): Zend_Application->run()
#26 D:\data\www\html\knoond\index.php(113): require('D:\\data\\www\\lib...')
#27 {main}
2024-04-11T13:08:24+02:00 ERR (3): Mysqli statement execute error : Incorrect decimal value: '' for column '131838X638X12788' at row 1
#0 D:\data\www\lib\gemstracker\r191\trunk\vendor\shardj\zf1-future\library\Zend\Db\Statement.php(303): Zend_Db_Statement_Mysqli->_execute()
#1 D:\data\www\lib\gemstracker\r191\trunk\vendor\shardj\zf1-future\library\Zend\Db\Adapter\Abstract.php(480): Zend_Db_Statement->execute()
#2 D:\data\www\lib\gemstracker\r191\trunk\vendor\shardj\zf1-future\library\Zend\Db\Adapter\Abstract.php(577): Zend_Db_Adapter_Abstract->query()
#3 D:\data\www\lib\gemstracker\r191\trunk\vendor\gemstracker\gemstracker\classes\Gems\Tracker\Source\LimeSurvey1m9Database.php(1495): Zend_Db_Adapter_Abstract->insert()
#4 D:\data\www\lib\gemstracker\r191\trunk\vendor\gemstracker\gemstracker\classes\Gems\Tracker\Token.php(2009): Gems_Tracker_Source_LimeSurvey1m9Database->setRawTokenAnswers()
#5 D:\data\www\lib\gemstracker\r191\trunk\vendor\gemstracker\gemstracker\classes\Gems\Task\Import\SaveAnswerTask.php(208): Gems_Tracker_Token->setRawAnswers()
#6 D:\data\www\lib\gemstracker\r191\trunk\vendor\magnafacta\mutil\src\MUtil\Task\TaskBatch.php(170): Gems_Task_Import_SaveAnswerTask->execute()
#7 D:\data\www\lib\gemstracker\r191\trunk\vendor\magnafacta\mutil\src\MUtil\Batch\BatchAbstract.php(1331): MUtil_Task_TaskBatch->runTask()
#8 D:\data\www\lib\gemstracker\r191\trunk\vendor\magnafacta\mutil\src\MUtil\Batch\BatchAbstract.php(1003): MUtil_Batch_BatchAbstract->step()
#9 D:\data\www\lib\gemstracker\r191\trunk\vendor\magnafacta\mutil\src\MUtil\Snippets\Standard\ModelImportSnippet.php(372): MUtil_Batch_BatchAbstract->run()
#10 D:\data\www\lib\gemstracker\r191\trunk\vendor\magnafacta\mutil\src\MUtil\Snippets\Standard\ModelImportSnippet.php(439): MUtil_Snippets_Standard_ModelImportSnippet->addStep5()
#11 D:\data\www\lib\gemstracker\r191\trunk\vendor\magnafacta\mutil\src\MUtil\Snippets\WizardFormSnippetAbstract.php(258): MUtil_Snippets_Standard_ModelImportSnippet->addStepElementsFor()
#12 D:\data\www\lib\gemstracker\r191\trunk\vendor\gemstracker\gemstracker\classes\Gems\Snippets\Survey\AnswerImportSnippet.php(215): MUtil_Snippets_WizardFormSnippetAbstract->addFormElementsFor()
#13 D:\data\www\lib\gemstracker\r191\trunk\vendor\magnafacta\mutil\src\MUtil\Snippets\WizardFormSnippetAbstract.php(493): Gems_Snippets_Survey_AnswerImportSnippet->getFormFor()
#14 D:\data\www\lib\gemstracker\r191\trunk\vendor\magnafacta\mutil\src\MUtil\Snippets\WizardFormSnippetAbstract.php(538): MUtil_Snippets_WizardFormSnippetAbstract->loadFormFor()
#15 D:\data\www\lib\gemstracker\r191\trunk\vendor\magnafacta\mutil\src\MUtil\Snippets\ModelFormSnippetAbstract.php(446): MUtil_Snippets_WizardFormSnippetAbstract->processForm()
#16 D:\data\www\lib\gemstracker\r191\trunk\vendor\magnafacta\mutil\src\MUtil\Snippets\Standard\ModelImportSnippet.php(910): MUtil_Snippets_ModelFormSnippetAbstract->hasHtmlOutput()
#17 D:\data\www\lib\gemstracker\r191\trunk\vendor\magnafacta\mutil\src\MUtil\Controller\Action.php(204): MUtil_Snippets_Standard_ModelImportSnippet->hasHtmlOutput()
#18 D:\data\www\lib\gemstracker\r191\trunk\vendor\gemstracker\gemstracker\classes\Gems\Default\FileImportAction.php(47): MUtil_Controller_Action->addSnippets()
#19 D:\data\www\lib\gemstracker\r191\trunk\vendor\shardj\zf1-future\library\Zend\Controller\Action.php(516): Gems_Default_FileImportAction->answersImportAction()
#20 D:\data\www\lib\gemstracker\r191\trunk\vendor\shardj\zf1-future\library\Zend\Controller\Dispatcher\Standard.php(308): Zend_Controller_Action->dispatch()
#21 D:\data\www\lib\gemstracker\r191\trunk\vendor\shardj\zf1-future\library\Zend\Controller\Front.php(954): Zend_Controller_Dispatcher_Standard->dispatch()
#22 D:\data\www\lib\gemstracker\r191\trunk\vendor\shardj\zf1-future\library\Zend\Application\Bootstrap\Bootstrap.php(105): Zend_Controller_Front->dispatch()
#23 D:\data\www\lib\gemstracker\r191\trunk\vendor\magnafacta\mutil\src\MUtil\Application\Escort.php(409): Zend_Application_Bootstrap_Bootstrap->run()
#24 D:\data\www\lib\gemstracker\r191\trunk\vendor\shardj\zf1-future\library\Zend\Application.php(400): MUtil_Application_Escort->run()
#25 D:\data\www\lib\gemstracker\r191\trunk\vendor\gemstracker\gemstracker\pre_bootstrap.php(56): Zend_Application->run()
#26 D:\data\www\html\knoond\index.php(113): require('D:\\data\\www\\lib...')
#27 {main}
2024-04-25T11:29:56+02:00 ERR (3): Mysqli statement execute error : Incorrect decimal value: '' for column '131838X638X12788' at row 1
#0 D:\data\www\lib\gemstracker\r191\trunk\vendor\shardj\zf1-future\library\Zend\Db\Statement.php(303): Zend_Db_Statement_Mysqli->_execute()
#1 D:\data\www\lib\gemstracker\r191\trunk\vendor\shardj\zf1-future\library\Zend\Db\Adapter\Abstract.php(480): Zend_Db_Statement->execute()
#2 D:\data\www\lib\gemstracker\r191\trunk\vendor\shardj\zf1-future\library\Zend\Db\Adapter\Abstract.php(636): Zend_Db_Adapter_Abstract->query()
#3 D:\data\www\lib\gemstracker\r191\trunk\vendor\gemstracker\gemstracker\classes\Gems\Tracker\Source\LimeSurvey1m9Database.php(1485): Zend_Db_Adapter_Abstract->update()
#4 D:\data\www\lib\gemstracker\r191\trunk\vendor\gemstracker\gemstracker\classes\Gems\Tracker\Token.php(2009): Gems_Tracker_Source_LimeSurvey1m9Database->setRawTokenAnswers()
#5 D:\data\www\lib\gemstracker\r191\trunk\vendor\gemstracker\gemstracker\classes\Gems\Task\Import\SaveAnswerTask.php(208): Gems_Tracker_Token->setRawAnswers()
#6 D:\data\www\lib\gemstracker\r191\trunk\vendor\magnafacta\mutil\src\MUtil\Task\TaskBatch.php(170): Gems_Task_Import_SaveAnswerTask->execute()
#7 D:\data\www\lib\gemstracker\r191\trunk\vendor\magnafacta\mutil\src\MUtil\Batch\BatchAbstract.php(1331): MUtil_Task_TaskBatch->runTask()
#8 D:\data\www\lib\gemstracker\r191\trunk\vendor\magnafacta\mutil\src\MUtil\Batch\BatchAbstract.php(1003): MUtil_Batch_BatchAbstract->step()
#9 D:\data\www\lib\gemstracker\r191\trunk\vendor\magnafacta\mutil\src\MUtil\Snippets\Standard\ModelImportSnippet.php(372): MUtil_Batch_BatchAbstract->run()
#10 D:\data\www\lib\gemstracker\r191\trunk\vendor\magnafacta\mutil\src\MUtil\Snippets\Standard\ModelImportSnippet.php(439): MUtil_Snippets_Standard_ModelImportSnippet->addStep5()
#11 D:\data\www\lib\gemstracker\r191\trunk\vendor\magnafacta\mutil\src\MUtil\Snippets\WizardFormSnippetAbstract.php(258): MUtil_Snippets_Standard_ModelImportSnippet->addStepElementsFor()
#12 D:\data\www\lib\gemstracker\r191\trunk\vendor\gemstracker\gemstracker\classes\Gems\Snippets\Survey\AnswerImportSnippet.php(215): MUtil_Snippets_WizardFormSnippetAbstract->addFormElementsFor()
#13 D:\data\www\lib\gemstracker\r191\trunk\vendor\magnafacta\mutil\src\MUtil\Snippets\WizardFormSnippetAbstract.php(493): Gems_Snippets_Survey_AnswerImportSnippet->getFormFor()
#14 D:\data\www\lib\gemstracker\r191\trunk\vendor\magnafacta\mutil\src\MUtil\Snippets\WizardFormSnippetAbstract.php(538): MUtil_Snippets_WizardFormSnippetAbstract->loadFormFor()
#15 D:\data\www\lib\gemstracker\r191\trunk\vendor\magnafacta\mutil\src\MUtil\Snippets\ModelFormSnippetAbstract.php(446): MUtil_Snippets_WizardFormSnippetAbstract->processForm()
#16 D:\data\www\lib\gemstracker\r191\trunk\vendor\magnafacta\mutil\src\MUtil\Snippets\Standard\ModelImportSnippet.php(910): MUtil_Snippets_ModelFormSnippetAbstract->hasHtmlOutput()
#17 D:\data\www\lib\gemstracker\r191\trunk\vendor\magnafacta\mutil\src\MUtil\Controller\Action.php(204): MUtil_Snippets_Standard_ModelImportSnippet->hasHtmlOutput()
#18 D:\data\www\lib\gemstracker\r191\trunk\vendor\gemstracker\gemstracker\classes\Gems\Default\FileImportAction.php(47): MUtil_Controller_Action->addSnippets()
#19 D:\data\www\lib\gemstracker\r191\trunk\vendor\shardj\zf1-future\library\Zend\Controller\Action.php(516): Gems_Default_FileImportAction->answersImportAction()
#20 D:\data\www\lib\gemstracker\r191\trunk\vendor\shardj\zf1-future\library\Zend\Controller\Dispatcher\Standard.php(308): Zend_Controller_Action->dispatch()
#21 D:\data\www\lib\gemstracker\r191\trunk\vendor\shardj\zf1-future\library\Zend\Controller\Front.php(954): Zend_Controller_Dispatcher_Standard->dispatch()
#22 D:\data\www\lib\gemstracker\r191\trunk\vendor\shardj\zf1-future\library\Zend\Application\Bootstrap\Bootstrap.php(105): Zend_Controller_Front->dispatch()
#23 D:\data\www\lib\gemstracker\r191\trunk\vendor\magnafacta\mutil\src\MUtil\Application\Escort.php(409): Zend_Application_Bootstrap_Bootstrap->run()
#24 D:\data\www\lib\gemstracker\r191\trunk\vendor\shardj\zf1-future\library\Zend\Application.php(400): MUtil_Application_Escort->run()
#25 D:\data\www\lib\gemstracker\r191\trunk\vendor\gemstracker\gemstracker\pre_bootstrap.php(56): Zend_Application->run()
#26 D:\data\www\html\knoond\index.php(113): require('D:\\data\\www\\lib...')
#27 {main}
2024-04-25T11:35:19+02:00 ERR (3): Mysqli statement execute error : Incorrect decimal value: '' for column '131838X638X12788' at row 1
#0 D:\data\www\lib\gemstracker\r191\trunk\vendor\shardj\zf1-future\library\Zend\Db\Statement.php(303): Zend_Db_Statement_Mysqli->_execute()
#1 D:\data\www\lib\gemstracker\r191\trunk\vendor\shardj\zf1-future\library\Zend\Db\Adapter\Abstract.php(480): Zend_Db_Statement->execute()
#2 D:\data\www\lib\gemstracker\r191\trunk\vendor\shardj\zf1-future\library\Zend\Db\Adapter\Abstract.php(636): Zend_Db_Adapter_Abstract->query()
#3 D:\data\www\lib\gemstracker\r191\trunk\vendor\gemstracker\gemstracker\classes\Gems\Tracker\Source\LimeSurvey1m9Database.php(1485): Zend_Db_Adapter_Abstract->update()
#4 D:\data\www\lib\gemstracker\r191\trunk\vendor\gemstracker\gemstracker\classes\Gems\Tracker\Token.php(2009): Gems_Tracker_Source_LimeSurvey1m9Database->setRawTokenAnswers()
#5 D:\data\www\lib\gemstracker\r191\trunk\vendor\gemstracker\gemstracker\classes\Gems\Task\Import\SaveAnswerTask.php(208): Gems_Tracker_Token->setRawAnswers()
#6 D:\data\www\lib\gemstracker\r191\trunk\vendor\magnafacta\mutil\src\MUtil\Task\TaskBatch.php(170): Gems_Task_Import_SaveAnswerTask->execute()
#7 D:\data\www\lib\gemstracker\r191\trunk\vendor\magnafacta\mutil\src\MUtil\Batch\BatchAbstract.php(1331): MUtil_Task_TaskBatch->runTask()
#8 D:\data\www\lib\gemstracker\r191\trunk\vendor\magnafacta\mutil\src\MUtil\Batch\BatchAbstract.php(1003): MUtil_Batch_BatchAbstract->step()
#9 D:\data\www\lib\gemstracker\r191\trunk\vendor\magnafacta\mutil\src\MUtil\Snippets\Standard\ModelImportSnippet.php(372): MUtil_Batch_BatchAbstract->run()
#10 D:\data\www\lib\gemstracker\r191\trunk\vendor\magnafacta\mutil\src\MUtil\Snippets\Standard\ModelImportSnippet.php(439): MUtil_Snippets_Standard_ModelImportSnippet->addStep5()
#11 D:\data\www\lib\gemstracker\r191\trunk\vendor\magnafacta\mutil\src\MUtil\Snippets\WizardFormSnippetAbstract.php(258): MUtil_Snippets_Standard_ModelImportSnippet->addStepElementsFor()
#12 D:\data\www\lib\gemstracker\r191\trunk\vendor\gemstracker\gemstracker\classes\Gems\Snippets\Survey\AnswerImportSnippet.php(215): MUtil_Snippets_WizardFormSnippetAbstract->addFormElementsFor()
#13 D:\data\www\lib\gemstracker\r191\trunk\vendor\magnafacta\mutil\src\MUtil\Snippets\WizardFormSnippetAbstract.php(493): Gems_Snippets_Survey_AnswerImportSnippet->getFormFor()
#14 D:\data\www\lib\gemstracker\r191\trunk\vendor\magnafacta\mutil\src\MUtil\Snippets\WizardFormSnippetAbstract.php(538): MUtil_Snippets_WizardFormSnippetAbstract->loadFormFor()
#15 D:\data\www\lib\gemstracker\r191\trunk\vendor\magnafacta\mutil\src\MUtil\Snippets\ModelFormSnippetAbstract.php(446): MUtil_Snippets_WizardFormSnippetAbstract->processForm()
#16 D:\data\www\lib\gemstracker\r191\trunk\vendor\magnafacta\mutil\src\MUtil\Snippets\Standard\ModelImportSnippet.php(910): MUtil_Snippets_ModelFormSnippetAbstract->hasHtmlOutput()
#17 D:\data\www\lib\gemstracker\r191\trunk\vendor\magnafacta\mutil\src\MUtil\Controller\Action.php(204): MUtil_Snippets_Standard_ModelImportSnippet->hasHtmlOutput()
#18 D:\data\www\lib\gemstracker\r191\trunk\vendor\gemstracker\gemstracker\classes\Gems\Default\FileImportAction.php(47): MUtil_Controller_Action->addSnippets()
#19 D:\data\www\lib\gemstracker\r191\trunk\vendor\shardj\zf1-future\library\Zend\Controller\Action.php(516): Gems_Default_FileImportAction->answersImportAction()
#20 D:\data\www\lib\gemstracker\r191\trunk\vendor\shardj\zf1-future\library\Zend\Controller\Dispatcher\Standard.php(308): Zend_Controller_Action->dispatch()
#21 D:\data\www\lib\gemstracker\r191\trunk\vendor\shardj\zf1-future\library\Zend\Controller\Front.php(954): Zend_Controller_Dispatcher_Standard->dispatch()
#22 D:\data\www\lib\gemstracker\r191\trunk\vendor\shardj\zf1-future\library\Zend\Application\Bootstrap\Bootstrap.php(105): Zend_Controller_Front->dispatch()
#23 D:\data\www\lib\gemstracker\r191\trunk\vendor\magnafacta\mutil\src\MUtil\Application\Escort.php(409): Zend_Application_Bootstrap_Bootstrap->run()
#24 D:\data\www\lib\gemstracker\r191\trunk\vendor\shardj\zf1-future\library\Zend\Application.php(400): MUtil_Application_Escort->run()
#25 D:\data\www\lib\gemstracker\r191\trunk\vendor\gemstracker\gemstracker\pre_bootstrap.php(56): Zend_Application->run()
#26 D:\data\www\html\knoond\index.php(113): require('D:\\data\\www\\lib...')
#27 {main}
2024-04-25T11:43:03+02:00 ERR (3): Mysqli statement execute error : Incorrect decimal value: '' for column '131838X638X12788' at row 1
#0 D:\data\www\lib\gemstracker\r191\trunk\vendor\shardj\zf1-future\library\Zend\Db\Statement.php(303): Zend_Db_Statement_Mysqli->_execute()
#1 D:\data\www\lib\gemstracker\r191\trunk\vendor\shardj\zf1-future\library\Zend\Db\Adapter\Abstract.php(480): Zend_Db_Statement->execute()
#2 D:\data\www\lib\gemstracker\r191\trunk\vendor\shardj\zf1-future\library\Zend\Db\Adapter\Abstract.php(577): Zend_Db_Adapter_Abstract->query()
#3 D:\data\www\lib\gemstracker\r191\trunk\vendor\gemstracker\gemstracker\classes\Gems\Tracker\Source\LimeSurvey1m9Database.php(1495): Zend_Db_Adapter_Abstract->insert()
#4 D:\data\www\lib\gemstracker\r191\trunk\vendor\gemstracker\gemstracker\classes\Gems\Tracker\Token.php(2009): Gems_Tracker_Source_LimeSurvey1m9Database->setRawTokenAnswers()
#5 D:\data\www\lib\gemstracker\r191\trunk\vendor\gemstracker\gemstracker\classes\Gems\Task\Import\SaveAnswerTask.php(208): Gems_Tracker_Token->setRawAnswers()
#6 D:\data\www\lib\gemstracker\r191\trunk\vendor\magnafacta\mutil\src\MUtil\Task\TaskBatch.php(170): Gems_Task_Import_SaveAnswerTask->execute()
#7 D:\data\www\lib\gemstracker\r191\trunk\vendor\magnafacta\mutil\src\MUtil\Batch\BatchAbstract.php(1331): MUtil_Task_TaskBatch->runTask()
#8 D:\data\www\lib\gemstracker\r191\trunk\vendor\magnafacta\mutil\src\MUtil\Batch\BatchAbstract.php(1003): MUtil_Batch_BatchAbstract->step()
#9 D:\data\www\lib\gemstracker\r191\trunk\vendor\magnafacta\mutil\src\MUtil\Snippets\Standard\ModelImportSnippet.php(372): MUtil_Batch_BatchAbstract->run()
#10 D:\data\www\lib\gemstracker\r191\trunk\vendor\magnafacta\mutil\src\MUtil\Snippets\Standard\ModelImportSnippet.php(439): MUtil_Snippets_Standard_ModelImportSnippet->addStep5()
#11 D:\data\www\lib\gemstracker\r191\trunk\vendor\magnafacta\mutil\src\MUtil\Snippets\WizardFormSnippetAbstract.php(258): MUtil_Snippets_Standard_ModelImportSnippet->addStepElementsFor()
#12 D:\data\www\lib\gemstracker\r191\trunk\vendor\gemstracker\gemstracker\classes\Gems\Snippets\Survey\AnswerImportSnippet.php(215): MUtil_Snippets_WizardFormSnippetAbstract->addFormElementsFor()
#13 D:\data\www\lib\gemstracker\r191\trunk\vendor\magnafacta\mutil\src\MUtil\Snippets\WizardFormSnippetAbstract.php(493): Gems_Snippets_Survey_AnswerImportSnippet->getFormFor()
#14 D:\data\www\lib\gemstracker\r191\trunk\vendor\magnafacta\mutil\src\MUtil\Snippets\WizardFormSnippetAbstract.php(538): MUtil_Snippets_WizardFormSnippetAbstract->loadFormFor()
#15 D:\data\www\lib\gemstracker\r191\trunk\vendor\magnafacta\mutil\src\MUtil\Snippets\ModelFormSnippetAbstract.php(446): MUtil_Snippets_WizardFormSnippetAbstract->processForm()
#16 D:\data\www\lib\gemstracker\r191\trunk\vendor\magnafacta\mutil\src\MUtil\Snippets\Standard\ModelImportSnippet.php(910): MUtil_Snippets_ModelFormSnippetAbstract->hasHtmlOutput()
#17 D:\data\www\lib\gemstracker\r191\trunk\vendor\magnafacta\mutil\src\MUtil\Controller\Action.php(204): MUtil_Snippets_Standard_ModelImportSnippet->hasHtmlOutput()
#18 D:\data\www\lib\gemstracker\r191\trunk\vendor\gemstracker\gemstracker\classes\Gems\Default\FileImportAction.php(47): MUtil_Controller_Action->addSnippets()
#19 D:\data\www\lib\gemstracker\r191\trunk\vendor\shardj\zf1-future\library\Zend\Controller\Action.php(516): Gems_Default_FileImportAction->answersImportAction()
#20 D:\data\www\lib\gemstracker\r191\trunk\vendor\shardj\zf1-future\library\Zend\Controller\Dispatcher\Standard.php(308): Zend_Controller_Action->dispatch()
#21 D:\data\www\lib\gemstracker\r191\trunk\vendor\shardj\zf1-future\library\Zend\Controller\Front.php(954): Zend_Controller_Dispatcher_Standard->dispatch()
#22 D:\data\www\lib\gemstracker\r191\trunk\vendor\shardj\zf1-future\library\Zend\Application\Bootstrap\Bootstrap.php(105): Zend_Controller_Front->dispatch()
#23 D:\data\www\lib\gemstracker\r191\trunk\vendor\magnafacta\mutil\src\MUtil\Application\Escort.php(409): Zend_Application_Bootstrap_Bootstrap->run()
#24 D:\data\www\lib\gemstracker\r191\trunk\vendor\shardj\zf1-future\library\Zend\Application.php(400): MUtil_Application_Escort->run()
#25 D:\data\www\lib\gemstracker\r191\trunk\vendor\gemstracker\gemstracker\pre_bootstrap.php(56): Zend_Application->run()
#26 D:\data\www\html\knoond\index.php(113): require('D:\\data\\www\\lib...')
#27 {main}
2024-04-25T11:50:35+02:00 ERR (3): Mysqli statement execute error : Incorrect decimal value: '' for column '131838X638X12788' at row 1
#0 D:\data\www\lib\gemstracker\r191\trunk\vendor\shardj\zf1-future\library\Zend\Db\Statement.php(303): Zend_Db_Statement_Mysqli->_execute()
#1 D:\data\www\lib\gemstracker\r191\trunk\vendor\shardj\zf1-future\library\Zend\Db\Adapter\Abstract.php(480): Zend_Db_Statement->execute()
#2 D:\data\www\lib\gemstracker\r191\trunk\vendor\shardj\zf1-future\library\Zend\Db\Adapter\Abstract.php(577): Zend_Db_Adapter_Abstract->query()
#3 D:\data\www\lib\gemstracker\r191\trunk\vendor\gemstracker\gemstracker\classes\Gems\Tracker\Source\LimeSurvey1m9Database.php(1495): Zend_Db_Adapter_Abstract->insert()
#4 D:\data\www\lib\gemstracker\r191\trunk\vendor\gemstracker\gemstracker\classes\Gems\Tracker\Token.php(2009): Gems_Tracker_Source_LimeSurvey1m9Database->setRawTokenAnswers()
#5 D:\data\www\lib\gemstracker\r191\trunk\vendor\gemstracker\gemstracker\classes\Gems\Task\Import\SaveAnswerTask.php(208): Gems_Tracker_Token->setRawAnswers()
#6 D:\data\www\lib\gemstracker\r191\trunk\vendor\magnafacta\mutil\src\MUtil\Task\TaskBatch.php(170): Gems_Task_Import_SaveAnswerTask->execute()
#7 D:\data\www\lib\gemstracker\r191\trunk\vendor\magnafacta\mutil\src\MUtil\Batch\BatchAbstract.php(1331): MUtil_Task_TaskBatch->runTask()
#8 D:\data\www\lib\gemstracker\r191\trunk\vendor\magnafacta\mutil\src\MUtil\Batch\BatchAbstract.php(1003): MUtil_Batch_BatchAbstract->step()
#9 D:\data\www\lib\gemstracker\r191\trunk\vendor\magnafacta\mutil\src\MUtil\Snippets\Standard\ModelImportSnippet.php(372): MUtil_Batch_BatchAbstract->run()
#10 D:\data\www\lib\gemstracker\r191\trunk\vendor\magnafacta\mutil\src\MUtil\Snippets\Standard\ModelImportSnippet.php(439): MUtil_Snippets_Standard_ModelImportSnippet->addStep5()
#11 D:\data\www\lib\gemstracker\r191\trunk\vendor\magnafacta\mutil\src\MUtil\Snippets\WizardFormSnippetAbstract.php(258): MUtil_Snippets_Standard_ModelImportSnippet->addStepElementsFor()
#12 D:\data\www\lib\gemstracker\r191\trunk\vendor\gemstracker\gemstracker\classes\Gems\Snippets\Survey\AnswerImportSnippet.php(215): MUtil_Snippets_WizardFormSnippetAbstract->addFormElementsFor()
#13 D:\data\www\lib\gemstracker\r191\trunk\vendor\magnafacta\mutil\src\MUtil\Snippets\WizardFormSnippetAbstract.php(493): Gems_Snippets_Survey_AnswerImportSnippet->getFormFor()
#14 D:\data\www\lib\gemstracker\r191\trunk\vendor\magnafacta\mutil\src\MUtil\Snippets\WizardFormSnippetAbstract.php(538): MUtil_Snippets_WizardFormSnippetAbstract->loadFormFor()
#15 D:\data\www\lib\gemstracker\r191\trunk\vendor\magnafacta\mutil\src\MUtil\Snippets\ModelFormSnippetAbstract.php(446): MUtil_Snippets_WizardFormSnippetAbstract->processForm()
#16 D:\data\www\lib\gemstracker\r191\trunk\vendor\magnafacta\mutil\src\MUtil\Snippets\Standard\ModelImportSnippet.php(910): MUtil_Snippets_ModelFormSnippetAbstract->hasHtmlOutput()
#17 D:\data\www\lib\gemstracker\r191\trunk\vendor\magnafacta\mutil\src\MUtil\Controller\Action.php(204): MUtil_Snippets_Standard_ModelImportSnippet->hasHtmlOutput()
#18 D:\data\www\lib\gemstracker\r191\trunk\vendor\gemstracker\gemstracker\classes\Gems\Default\FileImportAction.php(47): MUtil_Controller_Action->addSnippets()
#19 D:\data\www\lib\gemstracker\r191\trunk\vendor\shardj\zf1-future\library\Zend\Controller\Action.php(516): Gems_Default_FileImportAction->answersImportAction()
#20 D:\data\www\lib\gemstracker\r191\trunk\vendor\shardj\zf1-future\library\Zend\Controller\Dispatcher\Standard.php(308): Zend_Controller_Action->dispatch()
#21 D:\data\www\lib\gemstracker\r191\trunk\vendor\shardj\zf1-future\library\Zend\Controller\Front.php(954): Zend_Controller_Dispatcher_Standard->dispatch()
#22 D:\data\www\lib\gemstracker\r191\trunk\vendor\shardj\zf1-future\library\Zend\Application\Bootstrap\Bootstrap.php(105): Zend_Controller_Front->dispatch()
#23 D:\data\www\lib\gemstracker\r191\trunk\vendor\magnafacta\mutil\src\MUtil\Application\Escort.php(409): Zend_Application_Bootstrap_Bootstrap->run()
#24 D:\data\www\lib\gemstracker\r191\trunk\vendor\shardj\zf1-future\library\Zend\Application.php(400): MUtil_Application_Escort->run()
#25 D:\data\www\lib\gemstracker\r191\trunk\vendor\gemstracker\gemstracker\pre_bootstrap.php(56): Zend_Application->run()
#26 D:\data\www\html\knoond\index.php(113): require('D:\\data\\www\\lib...')
#27 {main}
2024-04-25T11:51:22+02:00 ERR (3): Class:     Zend_Db_Statement_Mysqli_Exception
2024-04-25T11:51:22+02:00 ERR (3): Message:   Mysqli prepare error: Table 'knoonddb.ls__tokens_928283' doesn't exist
2024-04-25T11:51:22+02:00 ERR (3): Stack trace:
2024-04-25T11:51:22+02:00 ERR (3): #0 D:\data\www\lib\gemstracker\r191\trunk\vendor\shardj\zf1-future\library\Zend\Db\Statement.php(115): Zend_Db_Statement_Mysqli->_prepare()
#1 D:\data\www\lib\gemstracker\r191\trunk\vendor\shardj\zf1-future\library\Zend\Db\Adapter\Mysqli.php(388): Zend_Db_Statement->__construct()
#2 D:\data\www\lib\gemstracker\r191\trunk\vendor\shardj\zf1-future\library\Zend\Db\Adapter\Abstract.php(479): Zend_Db_Adapter_Mysqli->prepare()
#3 D:\data\www\lib\gemstracker\r191\trunk\vendor\shardj\zf1-future\library\Zend\Db\Adapter\Abstract.php(759): Zend_Db_Adapter_Abstract->query()
#4 D:\data\www\lib\gemstracker\r191\trunk\vendor\gemstracker\gemstracker\classes\Gems\Tracker\Source\LimeSurvey1m9Database.php(1331): Zend_Db_Adapter_Abstract->fetchRow()
#5 D:\data\www\lib\gemstracker\r191\trunk\vendor\gemstracker\gemstracker\classes\Gems\Tracker\Source\LimeSurvey1m9Database.php(1433): Gems_Tracker_Source_LimeSurvey1m9Database->getTokenInfo()
#6 D:\data\www\lib\gemstracker\r191\trunk\vendor\gemstracker\gemstracker\classes\Gems\Tracker\Survey.php(628): Gems_Tracker_Source_LimeSurvey1m9Database->inSource()
#7 D:\data\www\lib\gemstracker\r191\trunk\vendor\gemstracker\gemstracker\classes\Gems\Tracker\Token.php(2046): Gems_Tracker_Survey->inSource()
#8 D:\data\www\lib\gemstracker\r191\trunk\vendor\gemstracker\gemstracker\classes\Gems\Tracker\RespondentTrack.php(1662): Gems_Tracker_Token->setReceptionCode()
#9 D:\data\www\lib\gemstracker\r191\trunk\vendor\gemstracker\gemstracker\classes\Gems\Snippets\Tracker\DeleteTrackSnippet.php(185): Gems_Tracker_RespondentTrack->setReceptionCode()
#10 D:\data\www\lib\gemstracker\r191\trunk\vendor\gemstracker\gemstracker\classes\Gems\Snippets\ReceptionCode\ChangeReceptionCodeSnippetAbstract.php(236): Gems\Snippets\Tracker\DeleteTrackSnippet->setReceptionCode()
#11 D:\data\www\lib\gemstracker\r191\trunk\vendor\magnafacta\mutil\src\MUtil\Snippets\ModelFormSnippetAbstract.php(589): Gems\Snippets\ReceptionCode\ChangeReceptionCodeSnippetAbstract->saveData()
#12 D:\data\www\lib\gemstracker\r191\trunk\vendor\magnafacta\mutil\src\MUtil\Snippets\ModelFormSnippetAbstract.php(446): MUtil_Snippets_ModelFormSnippetAbstract->processForm()
#13 D:\data\www\lib\gemstracker\r191\trunk\vendor\magnafacta\mutil\src\MUtil\Controller\Action.php(204): MUtil_Snippets_ModelFormSnippetAbstract->hasHtmlOutput()
#14 D:\data\www\lib\gemstracker\r191\trunk\vendor\gemstracker\gemstracker\classes\Gems\Default\TrackAction.php(695): MUtil_Controller_Action->addSnippets()
#15 D:\data\www\lib\gemstracker\r191\trunk\vendor\shardj\zf1-future\library\Zend\Controller\Action.php(516): Gems_Default_TrackAction->deleteTrackAction()
#16 D:\data\www\lib\gemstracker\r191\trunk\vendor\shardj\zf1-future\library\Zend\Controller\Dispatcher\Standard.php(308): Zend_Controller_Action->dispatch()
#17 D:\data\www\lib\gemstracker\r191\trunk\vendor\shardj\zf1-future\library\Zend\Controller\Front.php(954): Zend_Controller_Dispatcher_Standard->dispatch()
#18 D:\data\www\lib\gemstracker\r191\trunk\vendor\shardj\zf1-future\library\Zend\Application\Bootstrap\Bootstrap.php(105): Zend_Controller_Front->dispatch()
#19 D:\data\www\lib\gemstracker\r191\trunk\vendor\magnafacta\mutil\src\MUtil\Application\Escort.php(409): Zend_Application_Bootstrap_Bootstrap->run()
#20 D:\data\www\lib\gemstracker\r191\trunk\vendor\shardj\zf1-future\library\Zend\Application.php(400): MUtil_Application_Escort->run()
#21 D:\data\www\lib\gemstracker\r191\trunk\vendor\gemstracker\gemstracker\pre_bootstrap.php(56): Zend_Application->run()
#22 D:\data\www\html\knoond\index.php(113): require('D:\\data\\www\\lib...')
#23 {main}
2024-04-25T11:51:22+02:00 ERR (3): Class:     Zend_Db_Statement_Mysqli_Exception
2024-04-25T11:51:22+02:00 ERR (3): Message:   Mysqli prepare error: Table 'knoonddb.ls__tokens_928283' doesn't exist
2024-04-25T11:51:22+02:00 ERR (3): Stack trace:
2024-04-25T11:51:22+02:00 ERR (3): #0 D:\data\www\lib\gemstracker\r191\trunk\vendor\shardj\zf1-future\library\Zend\Db\Statement.php(115): Zend_Db_Statement_Mysqli->_prepare()
#1 D:\data\www\lib\gemstracker\r191\trunk\vendor\shardj\zf1-future\library\Zend\Db\Adapter\Mysqli.php(388): Zend_Db_Statement->__construct()
#2 D:\data\www\lib\gemstracker\r191\trunk\vendor\shardj\zf1-future\library\Zend\Db\Adapter\Abstract.php(479): Zend_Db_Adapter_Mysqli->prepare()
#3 D:\data\www\lib\gemstracker\r191\trunk\vendor\shardj\zf1-future\library\Zend\Db\Adapter\Abstract.php(759): Zend_Db_Adapter_Abstract->query()
#4 D:\data\www\lib\gemstracker\r191\trunk\vendor\gemstracker\gemstracker\classes\Gems\Tracker\Source\LimeSurvey1m9Database.php(1331): Zend_Db_Adapter_Abstract->fetchRow()
#5 D:\data\www\lib\gemstracker\r191\trunk\vendor\gemstracker\gemstracker\classes\Gems\Tracker\Source\LimeSurvey1m9Database.php(1433): Gems_Tracker_Source_LimeSurvey1m9Database->getTokenInfo()
#6 D:\data\www\lib\gemstracker\r191\trunk\vendor\gemstracker\gemstracker\classes\Gems\Tracker\Survey.php(628): Gems_Tracker_Source_LimeSurvey1m9Database->inSource()
#7 D:\data\www\lib\gemstracker\r191\trunk\vendor\gemstracker\gemstracker\classes\Gems\Tracker\Token.php(2046): Gems_Tracker_Survey->inSource()
#8 D:\data\www\lib\gemstracker\r191\trunk\vendor\gemstracker\gemstracker\classes\Gems\Tracker\RespondentTrack.php(1662): Gems_Tracker_Token->setReceptionCode()
#9 D:\data\www\lib\gemstracker\r191\trunk\vendor\gemstracker\gemstracker\classes\Gems\Snippets\Tracker\DeleteTrackSnippet.php(185): Gems_Tracker_RespondentTrack->setReceptionCode()
#10 D:\data\www\lib\gemstracker\r191\trunk\vendor\gemstracker\gemstracker\classes\Gems\Snippets\ReceptionCode\ChangeReceptionCodeSnippetAbstract.php(236): Gems\Snippets\Tracker\DeleteTrackSnippet->setReceptionCode()
#11 D:\data\www\lib\gemstracker\r191\trunk\vendor\magnafacta\mutil\src\MUtil\Snippets\ModelFormSnippetAbstract.php(589): Gems\Snippets\ReceptionCode\ChangeReceptionCodeSnippetAbstract->saveData()
#12 D:\data\www\lib\gemstracker\r191\trunk\vendor\magnafacta\mutil\src\MUtil\Snippets\ModelFormSnippetAbstract.php(446): MUtil_Snippets_ModelFormSnippetAbstract->processForm()
#13 D:\data\www\lib\gemstracker\r191\trunk\vendor\magnafacta\mutil\src\MUtil\Controller\Action.php(204): MUtil_Snippets_ModelFormSnippetAbstract->hasHtmlOutput()
#14 D:\data\www\lib\gemstracker\r191\trunk\vendor\gemstracker\gemstracker\classes\Gems\Default\TrackAction.php(695): MUtil_Controller_Action->addSnippets()
#15 D:\data\www\lib\gemstracker\r191\trunk\vendor\shardj\zf1-future\library\Zend\Controller\Action.php(516): Gems_Default_TrackAction->deleteTrackAction()
#16 D:\data\www\lib\gemstracker\r191\trunk\vendor\shardj\zf1-future\library\Zend\Controller\Dispatcher\Standard.php(308): Zend_Controller_Action->dispatch()
#17 D:\data\www\lib\gemstracker\r191\trunk\vendor\shardj\zf1-future\library\Zend\Controller\Front.php(954): Zend_Controller_Dispatcher_Standard->dispatch()
#18 D:\data\www\lib\gemstracker\r191\trunk\vendor\shardj\zf1-future\library\Zend\Application\Bootstrap\Bootstrap.php(105): Zend_Controller_Front->dispatch()
#19 D:\data\www\lib\gemstracker\r191\trunk\vendor\magnafacta\mutil\src\MUtil\Application\Escort.php(409): Zend_Application_Bootstrap_Bootstrap->run()
#20 D:\data\www\lib\gemstracker\r191\trunk\vendor\shardj\zf1-future\library\Zend\Application.php(400): MUtil_Application_Escort->run()
#21 D:\data\www\lib\gemstracker\r191\trunk\vendor\gemstracker\gemstracker\pre_bootstrap.php(56): Zend_Application->run()
#22 D:\data\www\html\knoond\index.php(113): require('D:\\data\\www\\lib...')
#23 {main}
2024-04-25T11:51:23+02:00 ERR (3): Class:     Zend_Db_Statement_Mysqli_Exception
2024-04-25T11:51:23+02:00 ERR (3): Message:   Mysqli prepare error: Table 'knoonddb.ls__tokens_928283' doesn't exist
2024-04-25T11:51:23+02:00 ERR (3): Stack trace:
2024-04-25T11:51:23+02:00 ERR (3): #0 D:\data\www\lib\gemstracker\r191\trunk\vendor\shardj\zf1-future\library\Zend\Db\Statement.php(115): Zend_Db_Statement_Mysqli->_prepare()
#1 D:\data\www\lib\gemstracker\r191\trunk\vendor\shardj\zf1-future\library\Zend\Db\Adapter\Mysqli.php(388): Zend_Db_Statement->__construct()
#2 D:\data\www\lib\gemstracker\r191\trunk\vendor\shardj\zf1-future\library\Zend\Db\Adapter\Abstract.php(479): Zend_Db_Adapter_Mysqli->prepare()
#3 D:\data\www\lib\gemstracker\r191\trunk\vendor\shardj\zf1-future\library\Zend\Db\Adapter\Abstract.php(759): Zend_Db_Adapter_Abstract->query()
#4 D:\data\www\lib\gemstracker\r191\trunk\vendor\gemstracker\gemstracker\classes\Gems\Tracker\Source\LimeSurvey1m9Database.php(1331): Zend_Db_Adapter_Abstract->fetchRow()
#5 D:\data\www\lib\gemstracker\r191\trunk\vendor\gemstracker\gemstracker\classes\Gems\Tracker\Source\LimeSurvey1m9Database.php(1433): Gems_Tracker_Source_LimeSurvey1m9Database->getTokenInfo()
#6 D:\data\www\lib\gemstracker\r191\trunk\vendor\gemstracker\gemstracker\classes\Gems\Tracker\Survey.php(628): Gems_Tracker_Source_LimeSurvey1m9Database->inSource()
#7 D:\data\www\lib\gemstracker\r191\trunk\vendor\gemstracker\gemstracker\classes\Gems\Tracker\Token.php(2046): Gems_Tracker_Survey->inSource()
#8 D:\data\www\lib\gemstracker\r191\trunk\vendor\gemstracker\gemstracker\classes\Gems\Tracker\RespondentTrack.php(1662): Gems_Tracker_Token->setReceptionCode()
#9 D:\data\www\lib\gemstracker\r191\trunk\vendor\gemstracker\gemstracker\classes\Gems\Snippets\Tracker\DeleteTrackSnippet.php(185): Gems_Tracker_RespondentTrack->setReceptionCode()
#10 D:\data\www\lib\gemstracker\r191\trunk\vendor\gemstracker\gemstracker\classes\Gems\Snippets\ReceptionCode\ChangeReceptionCodeSnippetAbstract.php(236): Gems\Snippets\Tracker\DeleteTrackSnippet->setReceptionCode()
#11 D:\data\www\lib\gemstracker\r191\trunk\vendor\magnafacta\mutil\src\MUtil\Snippets\ModelFormSnippetAbstract.php(589): Gems\Snippets\ReceptionCode\ChangeReceptionCodeSnippetAbstract->saveData()
#12 D:\data\www\lib\gemstracker\r191\trunk\vendor\magnafacta\mutil\src\MUtil\Snippets\ModelFormSnippetAbstract.php(446): MUtil_Snippets_ModelFormSnippetAbstract->processForm()
#13 D:\data\www\lib\gemstracker\r191\trunk\vendor\magnafacta\mutil\src\MUtil\Controller\Action.php(204): MUtil_Snippets_ModelFormSnippetAbstract->hasHtmlOutput()
#14 D:\data\www\lib\gemstracker\r191\trunk\vendor\gemstracker\gemstracker\classes\Gems\Default\TrackAction.php(695): MUtil_Controller_Action->addSnippets()
#15 D:\data\www\lib\gemstracker\r191\trunk\vendor\shardj\zf1-future\library\Zend\Controller\Action.php(516): Gems_Default_TrackAction->deleteTrackAction()
#16 D:\data\www\lib\gemstracker\r191\trunk\vendor\shardj\zf1-future\library\Zend\Controller\Dispatcher\Standard.php(308): Zend_Controller_Action->dispatch()
#17 D:\data\www\lib\gemstracker\r191\trunk\vendor\shardj\zf1-future\library\Zend\Controller\Front.php(954): Zend_Controller_Dispatcher_Standard->dispatch()
#18 D:\data\www\lib\gemstracker\r191\trunk\vendor\shardj\zf1-future\library\Zend\Application\Bootstrap\Bootstrap.php(105): Zend_Controller_Front->dispatch()
#19 D:\data\www\lib\gemstracker\r191\trunk\vendor\magnafacta\mutil\src\MUtil\Application\Escort.php(409): Zend_Application_Bootstrap_Bootstrap->run()
#20 D:\data\www\lib\gemstracker\r191\trunk\vendor\shardj\zf1-future\library\Zend\Application.php(400): MUtil_Application_Escort->run()
#21 D:\data\www\lib\gemstracker\r191\trunk\vendor\gemstracker\gemstracker\pre_bootstrap.php(56): Zend_Application->run()
#22 D:\data\www\html\knoond\index.php(113): require('D:\\data\\www\\lib...')
#23 {main}
2024-04-25T11:51:23+02:00 ERR (3): Class:     Zend_Db_Statement_Mysqli_Exception
2024-04-25T11:51:23+02:00 ERR (3): Message:   Mysqli prepare error: Table 'knoonddb.ls__tokens_928283' doesn't exist
2024-04-25T11:51:23+02:00 ERR (3): Stack trace:
2024-04-25T11:51:23+02:00 ERR (3): #0 D:\data\www\lib\gemstracker\r191\trunk\vendor\shardj\zf1-future\library\Zend\Db\Statement.php(115): Zend_Db_Statement_Mysqli->_prepare()
#1 D:\data\www\lib\gemstracker\r191\trunk\vendor\shardj\zf1-future\library\Zend\Db\Adapter\Mysqli.php(388): Zend_Db_Statement->__construct()
#2 D:\data\www\lib\gemstracker\r191\trunk\vendor\shardj\zf1-future\library\Zend\Db\Adapter\Abstract.php(479): Zend_Db_Adapter_Mysqli->prepare()
#3 D:\data\www\lib\gemstracker\r191\trunk\vendor\shardj\zf1-future\library\Zend\Db\Adapter\Abstract.php(759): Zend_Db_Adapter_Abstract->query()
#4 D:\data\www\lib\gemstracker\r191\trunk\vendor\gemstracker\gemstracker\classes\Gems\Tracker\Source\LimeSurvey1m9Database.php(1331): Zend_Db_Adapter_Abstract->fetchRow()
#5 D:\data\www\lib\gemstracker\r191\trunk\vendor\gemstracker\gemstracker\classes\Gems\Tracker\Source\LimeSurvey1m9Database.php(1433): Gems_Tracker_Source_LimeSurvey1m9Database->getTokenInfo()
#6 D:\data\www\lib\gemstracker\r191\trunk\vendor\gemstracker\gemstracker\classes\Gems\Tracker\Survey.php(628): Gems_Tracker_Source_LimeSurvey1m9Database->inSource()
#7 D:\data\www\lib\gemstracker\r191\trunk\vendor\gemstracker\gemstracker\classes\Gems\Tracker\Token.php(2046): Gems_Tracker_Survey->inSource()
#8 D:\data\www\lib\gemstracker\r191\trunk\vendor\gemstracker\gemstracker\classes\Gems\Tracker\RespondentTrack.php(1662): Gems_Tracker_Token->setReceptionCode()
#9 D:\data\www\lib\gemstracker\r191\trunk\vendor\gemstracker\gemstracker\classes\Gems\Snippets\Tracker\DeleteTrackSnippet.php(185): Gems_Tracker_RespondentTrack->setReceptionCode()
#10 D:\data\www\lib\gemstracker\r191\trunk\vendor\gemstracker\gemstracker\classes\Gems\Snippets\ReceptionCode\ChangeReceptionCodeSnippetAbstract.php(236): Gems\Snippets\Tracker\DeleteTrackSnippet->setReceptionCode()
#11 D:\data\www\lib\gemstracker\r191\trunk\vendor\magnafacta\mutil\src\MUtil\Snippets\ModelFormSnippetAbstract.php(589): Gems\Snippets\ReceptionCode\ChangeReceptionCodeSnippetAbstract->saveData()
#12 D:\data\www\lib\gemstracker\r191\trunk\vendor\magnafacta\mutil\src\MUtil\Snippets\ModelFormSnippetAbstract.php(446): MUtil_Snippets_ModelFormSnippetAbstract->processForm()
#13 D:\data\www\lib\gemstracker\r191\trunk\vendor\magnafacta\mutil\src\MUtil\Controller\Action.php(204): MUtil_Snippets_ModelFormSnippetAbstract->hasHtmlOutput()
#14 D:\data\www\lib\gemstracker\r191\trunk\vendor\gemstracker\gemstracker\classes\Gems\Default\TrackAction.php(695): MUtil_Controller_Action->addSnippets()
#15 D:\data\www\lib\gemstracker\r191\trunk\vendor\shardj\zf1-future\library\Zend\Controller\Action.php(516): Gems_Default_TrackAction->deleteTrackAction()
#16 D:\data\www\lib\gemstracker\r191\trunk\vendor\shardj\zf1-future\library\Zend\Controller\Dispatcher\Standard.php(308): Zend_Controller_Action->dispatch()
#17 D:\data\www\lib\gemstracker\r191\trunk\vendor\shardj\zf1-future\library\Zend\Controller\Front.php(954): Zend_Controller_Dispatcher_Standard->dispatch()
#18 D:\data\www\lib\gemstracker\r191\trunk\vendor\shardj\zf1-future\library\Zend\Application\Bootstrap\Bootstrap.php(105): Zend_Controller_Front->dispatch()
#19 D:\data\www\lib\gemstracker\r191\trunk\vendor\magnafacta\mutil\src\MUtil\Application\Escort.php(409): Zend_Application_Bootstrap_Bootstrap->run()
#20 D:\data\www\lib\gemstracker\r191\trunk\vendor\shardj\zf1-future\library\Zend\Application.php(400): MUtil_Application_Escort->run()
#21 D:\data\www\lib\gemstracker\r191\trunk\vendor\gemstracker\gemstracker\pre_bootstrap.php(56): Zend_Application->run()
#22 D:\data\www\html\knoond\index.php(113): require('D:\\data\\www\\lib...')
#23 {main}
2024-04-25T11:51:23+02:00 ERR (3): Class:     Zend_Db_Statement_Mysqli_Exception
2024-04-25T11:51:23+02:00 ERR (3): Message:   Mysqli prepare error: Table 'knoonddb.ls__tokens_928283' doesn't exist
2024-04-25T11:51:23+02:00 ERR (3): Stack trace:
2024-04-25T11:51:23+02:00 ERR (3): #0 D:\data\www\lib\gemstracker\r191\trunk\vendor\shardj\zf1-future\library\Zend\Db\Statement.php(115): Zend_Db_Statement_Mysqli->_prepare()
#1 D:\data\www\lib\gemstracker\r191\trunk\vendor\shardj\zf1-future\library\Zend\Db\Adapter\Mysqli.php(388): Zend_Db_Statement->__construct()
#2 D:\data\www\lib\gemstracker\r191\trunk\vendor\shardj\zf1-future\library\Zend\Db\Adapter\Abstract.php(479): Zend_Db_Adapter_Mysqli->prepare()
#3 D:\data\www\lib\gemstracker\r191\trunk\vendor\shardj\zf1-future\library\Zend\Db\Adapter\Abstract.php(759): Zend_Db_Adapter_Abstract->query()
#4 D:\data\www\lib\gemstracker\r191\trunk\vendor\gemstracker\gemstracker\classes\Gems\Tracker\Source\LimeSurvey1m9Database.php(1331): Zend_Db_Adapter_Abstract->fetchRow()
#5 D:\data\www\lib\gemstracker\r191\trunk\vendor\gemstracker\gemstracker\classes\Gems\Tracker\Source\LimeSurvey1m9Database.php(1433): Gems_Tracker_Source_LimeSurvey1m9Database->getTokenInfo()
#6 D:\data\www\lib\gemstracker\r191\trunk\vendor\gemstracker\gemstracker\classes\Gems\Tracker\Survey.php(628): Gems_Tracker_Source_LimeSurvey1m9Database->inSource()
#7 D:\data\www\lib\gemstracker\r191\trunk\vendor\gemstracker\gemstracker\classes\Gems\Tracker\Token.php(2046): Gems_Tracker_Survey->inSource()
#8 D:\data\www\lib\gemstracker\r191\trunk\vendor\gemstracker\gemstracker\classes\Gems\Tracker\RespondentTrack.php(1662): Gems_Tracker_Token->setReceptionCode()
#9 D:\data\www\lib\gemstracker\r191\trunk\vendor\gemstracker\gemstracker\classes\Gems\Snippets\Tracker\DeleteTrackSnippet.php(185): Gems_Tracker_RespondentTrack->setReceptionCode()
#10 D:\data\www\lib\gemstracker\r191\trunk\vendor\gemstracker\gemstracker\classes\Gems\Snippets\ReceptionCode\ChangeReceptionCodeSnippetAbstract.php(236): Gems\Snippets\Tracker\DeleteTrackSnippet->setReceptionCode()
#11 D:\data\www\lib\gemstracker\r191\trunk\vendor\magnafacta\mutil\src\MUtil\Snippets\ModelFormSnippetAbstract.php(589): Gems\Snippets\ReceptionCode\ChangeReceptionCodeSnippetAbstract->saveData()
#12 D:\data\www\lib\gemstracker\r191\trunk\vendor\magnafacta\mutil\src\MUtil\Snippets\ModelFormSnippetAbstract.php(446): MUtil_Snippets_ModelFormSnippetAbstract->processForm()
#13 D:\data\www\lib\gemstracker\r191\trunk\vendor\magnafacta\mutil\src\MUtil\Controller\Action.php(204): MUtil_Snippets_ModelFormSnippetAbstract->hasHtmlOutput()
#14 D:\data\www\lib\gemstracker\r191\trunk\vendor\gemstracker\gemstracker\classes\Gems\Default\TrackAction.php(695): MUtil_Controller_Action->addSnippets()
#15 D:\data\www\lib\gemstracker\r191\trunk\vendor\shardj\zf1-future\library\Zend\Controller\Action.php(516): Gems_Default_TrackAction->deleteTrackAction()
#16 D:\data\www\lib\gemstracker\r191\trunk\vendor\shardj\zf1-future\library\Zend\Controller\Dispatcher\Standard.php(308): Zend_Controller_Action->dispatch()
#17 D:\data\www\lib\gemstracker\r191\trunk\vendor\shardj\zf1-future\library\Zend\Controller\Front.php(954): Zend_Controller_Dispatcher_Standard->dispatch()
#18 D:\data\www\lib\gemstracker\r191\trunk\vendor\shardj\zf1-future\library\Zend\Application\Bootstrap\Bootstrap.php(105): Zend_Controller_Front->dispatch()
#19 D:\data\www\lib\gemstracker\r191\trunk\vendor\magnafacta\mutil\src\MUtil\Application\Escort.php(409): Zend_Application_Bootstrap_Bootstrap->run()
#20 D:\data\www\lib\gemstracker\r191\trunk\vendor\shardj\zf1-future\library\Zend\Application.php(400): MUtil_Application_Escort->run()
#21 D:\data\www\lib\gemstracker\r191\trunk\vendor\gemstracker\gemstracker\pre_bootstrap.php(56): Zend_Application->run()
#22 D:\data\www\html\knoond\index.php(113): require('D:\\data\\www\\lib...')
#23 {main}
2024-04-25T11:51:23+02:00 ERR (3): Class:     Zend_Db_Statement_Mysqli_Exception
2024-04-25T11:51:23+02:00 ERR (3): Message:   Mysqli prepare error: Table 'knoonddb.ls__tokens_928283' doesn't exist
2024-04-25T11:51:23+02:00 ERR (3): Stack trace:
2024-04-25T11:51:23+02:00 ERR (3): #0 D:\data\www\lib\gemstracker\r191\trunk\vendor\shardj\zf1-future\library\Zend\Db\Statement.php(115): Zend_Db_Statement_Mysqli->_prepare()
#1 D:\data\www\lib\gemstracker\r191\trunk\vendor\shardj\zf1-future\library\Zend\Db\Adapter\Mysqli.php(388): Zend_Db_Statement->__construct()
#2 D:\data\www\lib\gemstracker\r191\trunk\vendor\shardj\zf1-future\library\Zend\Db\Adapter\Abstract.php(479): Zend_Db_Adapter_Mysqli->prepare()
#3 D:\data\www\lib\gemstracker\r191\trunk\vendor\shardj\zf1-future\library\Zend\Db\Adapter\Abstract.php(759): Zend_Db_Adapter_Abstract->query()
#4 D:\data\www\lib\gemstracker\r191\trunk\vendor\gemstracker\gemstracker\classes\Gems\Tracker\Source\LimeSurvey1m9Database.php(1331): Zend_Db_Adapter_Abstract->fetchRow()
#5 D:\data\www\lib\gemstracker\r191\trunk\vendor\gemstracker\gemstracker\classes\Gems\Tracker\Source\LimeSurvey1m9Database.php(1433): Gems_Tracker_Source_LimeSurvey1m9Database->getTokenInfo()
#6 D:\data\www\lib\gemstracker\r191\trunk\vendor\gemstracker\gemstracker\classes\Gems\Tracker\Survey.php(628): Gems_Tracker_Source_LimeSurvey1m9Database->inSource()
#7 D:\data\www\lib\gemstracker\r191\trunk\vendor\gemstracker\gemstracker\classes\Gems\Tracker\Token.php(2046): Gems_Tracker_Survey->inSource()
#8 D:\data\www\lib\gemstracker\r191\trunk\vendor\gemstracker\gemstracker\classes\Gems\Tracker\RespondentTrack.php(1662): Gems_Tracker_Token->setReceptionCode()
#9 D:\data\www\lib\gemstracker\r191\trunk\vendor\gemstracker\gemstracker\classes\Gems\Snippets\Tracker\DeleteTrackSnippet.php(185): Gems_Tracker_RespondentTrack->setReceptionCode()
#10 D:\data\www\lib\gemstracker\r191\trunk\vendor\gemstracker\gemstracker\classes\Gems\Snippets\ReceptionCode\ChangeReceptionCodeSnippetAbstract.php(236): Gems\Snippets\Tracker\DeleteTrackSnippet->setReceptionCode()
#11 D:\data\www\lib\gemstracker\r191\trunk\vendor\magnafacta\mutil\src\MUtil\Snippets\ModelFormSnippetAbstract.php(589): Gems\Snippets\ReceptionCode\ChangeReceptionCodeSnippetAbstract->saveData()
#12 D:\data\www\lib\gemstracker\r191\trunk\vendor\magnafacta\mutil\src\MUtil\Snippets\ModelFormSnippetAbstract.php(446): MUtil_Snippets_ModelFormSnippetAbstract->processForm()
#13 D:\data\www\lib\gemstracker\r191\trunk\vendor\magnafacta\mutil\src\MUtil\Controller\Action.php(204): MUtil_Snippets_ModelFormSnippetAbstract->hasHtmlOutput()
#14 D:\data\www\lib\gemstracker\r191\trunk\vendor\gemstracker\gemstracker\classes\Gems\Default\TrackAction.php(695): MUtil_Controller_Action->addSnippets()
#15 D:\data\www\lib\gemstracker\r191\trunk\vendor\shardj\zf1-future\library\Zend\Controller\Action.php(516): Gems_Default_TrackAction->deleteTrackAction()
#16 D:\data\www\lib\gemstracker\r191\trunk\vendor\shardj\zf1-future\library\Zend\Controller\Dispatcher\Standard.php(308): Zend_Controller_Action->dispatch()
#17 D:\data\www\lib\gemstracker\r191\trunk\vendor\shardj\zf1-future\library\Zend\Controller\Front.php(954): Zend_Controller_Dispatcher_Standard->dispatch()
#18 D:\data\www\lib\gemstracker\r191\trunk\vendor\shardj\zf1-future\library\Zend\Application\Bootstrap\Bootstrap.php(105): Zend_Controller_Front->dispatch()
#19 D:\data\www\lib\gemstracker\r191\trunk\vendor\magnafacta\mutil\src\MUtil\Application\Escort.php(409): Zend_Application_Bootstrap_Bootstrap->run()
#20 D:\data\www\lib\gemstracker\r191\trunk\vendor\shardj\zf1-future\library\Zend\Application.php(400): MUtil_Application_Escort->run()
#21 D:\data\www\lib\gemstracker\r191\trunk\vendor\gemstracker\gemstracker\pre_bootstrap.php(56): Zend_Application->run()
#22 D:\data\www\html\knoond\index.php(113): require('D:\\data\\www\\lib...')
#23 {main}
2024-04-25T11:51:23+02:00 ERR (3): Class:     Zend_Db_Statement_Mysqli_Exception
2024-04-25T11:51:23+02:00 ERR (3): Message:   Mysqli prepare error: Table 'knoonddb.ls__tokens_928283' doesn't exist
2024-04-25T11:51:23+02:00 ERR (3): Stack trace:
2024-04-25T11:51:23+02:00 ERR (3): #0 D:\data\www\lib\gemstracker\r191\trunk\vendor\shardj\zf1-future\library\Zend\Db\Statement.php(115): Zend_Db_Statement_Mysqli->_prepare()
#1 D:\data\www\lib\gemstracker\r191\trunk\vendor\shardj\zf1-future\library\Zend\Db\Adapter\Mysqli.php(388): Zend_Db_Statement->__construct()
#2 D:\data\www\lib\gemstracker\r191\trunk\vendor\shardj\zf1-future\library\Zend\Db\Adapter\Abstract.php(479): Zend_Db_Adapter_Mysqli->prepare()
#3 D:\data\www\lib\gemstracker\r191\trunk\vendor\shardj\zf1-future\library\Zend\Db\Adapter\Abstract.php(759): Zend_Db_Adapter_Abstract->query()
#4 D:\data\www\lib\gemstracker\r191\trunk\vendor\gemstracker\gemstracker\classes\Gems\Tracker\Source\LimeSurvey1m9Database.php(1331): Zend_Db_Adapter_Abstract->fetchRow()
#5 D:\data\www\lib\gemstracker\r191\trunk\vendor\gemstracker\gemstracker\classes\Gems\Tracker\Source\LimeSurvey1m9Database.php(1433): Gems_Tracker_Source_LimeSurvey1m9Database->getTokenInfo()
#6 D:\data\www\lib\gemstracker\r191\trunk\vendor\gemstracker\gemstracker\classes\Gems\Tracker\Survey.php(628): Gems_Tracker_Source_LimeSurvey1m9Database->inSource()
#7 D:\data\www\lib\gemstracker\r191\trunk\vendor\gemstracker\gemstracker\classes\Gems\Tracker\Token.php(2046): Gems_Tracker_Survey->inSource()
#8 D:\data\www\lib\gemstracker\r191\trunk\vendor\gemstracker\gemstracker\classes\Gems\Tracker\RespondentTrack.php(1662): Gems_Tracker_Token->setReceptionCode()
#9 D:\data\www\lib\gemstracker\r191\trunk\vendor\gemstracker\gemstracker\classes\Gems\Snippets\Tracker\DeleteTrackSnippet.php(185): Gems_Tracker_RespondentTrack->setReceptionCode()
#10 D:\data\www\lib\gemstracker\r191\trunk\vendor\gemstracker\gemstracker\classes\Gems\Snippets\ReceptionCode\ChangeReceptionCodeSnippetAbstract.php(236): Gems\Snippets\Tracker\DeleteTrackSnippet->setReceptionCode()
#11 D:\data\www\lib\gemstracker\r191\trunk\vendor\magnafacta\mutil\src\MUtil\Snippets\ModelFormSnippetAbstract.php(589): Gems\Snippets\ReceptionCode\ChangeReceptionCodeSnippetAbstract->saveData()
#12 D:\data\www\lib\gemstracker\r191\trunk\vendor\magnafacta\mutil\src\MUtil\Snippets\ModelFormSnippetAbstract.php(446): MUtil_Snippets_ModelFormSnippetAbstract->processForm()
#13 D:\data\www\lib\gemstracker\r191\trunk\vendor\magnafacta\mutil\src\MUtil\Controller\Action.php(204): MUtil_Snippets_ModelFormSnippetAbstract->hasHtmlOutput()
#14 D:\data\www\lib\gemstracker\r191\trunk\vendor\gemstracker\gemstracker\classes\Gems\Default\TrackAction.php(695): MUtil_Controller_Action->addSnippets()
#15 D:\data\www\lib\gemstracker\r191\trunk\vendor\shardj\zf1-future\library\Zend\Controller\Action.php(516): Gems_Default_TrackAction->deleteTrackAction()
#16 D:\data\www\lib\gemstracker\r191\trunk\vendor\shardj\zf1-future\library\Zend\Controller\Dispatcher\Standard.php(308): Zend_Controller_Action->dispatch()
#17 D:\data\www\lib\gemstracker\r191\trunk\vendor\shardj\zf1-future\library\Zend\Controller\Front.php(954): Zend_Controller_Dispatcher_Standard->dispatch()
#18 D:\data\www\lib\gemstracker\r191\trunk\vendor\shardj\zf1-future\library\Zend\Application\Bootstrap\Bootstrap.php(105): Zend_Controller_Front->dispatch()
#19 D:\data\www\lib\gemstracker\r191\trunk\vendor\magnafacta\mutil\src\MUtil\Application\Escort.php(409): Zend_Application_Bootstrap_Bootstrap->run()
#20 D:\data\www\lib\gemstracker\r191\trunk\vendor\shardj\zf1-future\library\Zend\Application.php(400): MUtil_Application_Escort->run()
#21 D:\data\www\lib\gemstracker\r191\trunk\vendor\gemstracker\gemstracker\pre_bootstrap.php(56): Zend_Application->run()
#22 D:\data\www\html\knoond\index.php(113): require('D:\\data\\www\\lib...')
#23 {main}
2024-04-25T11:51:23+02:00 ERR (3): Class:     Zend_Db_Statement_Mysqli_Exception
2024-04-25T11:51:23+02:00 ERR (3): Message:   Mysqli prepare error: Table 'knoonddb.ls__tokens_928283' doesn't exist
2024-04-25T11:51:23+02:00 ERR (3): Stack trace:
2024-04-25T11:51:23+02:00 ERR (3): #0 D:\data\www\lib\gemstracker\r191\trunk\vendor\shardj\zf1-future\library\Zend\Db\Statement.php(115): Zend_Db_Statement_Mysqli->_prepare()
#1 D:\data\www\lib\gemstracker\r191\trunk\vendor\shardj\zf1-future\library\Zend\Db\Adapter\Mysqli.php(388): Zend_Db_Statement->__construct()
#2 D:\data\www\lib\gemstracker\r191\trunk\vendor\shardj\zf1-future\library\Zend\Db\Adapter\Abstract.php(479): Zend_Db_Adapter_Mysqli->prepare()
#3 D:\data\www\lib\gemstracker\r191\trunk\vendor\shardj\zf1-future\library\Zend\Db\Adapter\Abstract.php(759): Zend_Db_Adapter_Abstract->query()
#4 D:\data\www\lib\gemstracker\r191\trunk\vendor\gemstracker\gemstracker\classes\Gems\Tracker\Source\LimeSurvey1m9Database.php(1331): Zend_Db_Adapter_Abstract->fetchRow()
#5 D:\data\www\lib\gemstracker\r191\trunk\vendor\gemstracker\gemstracker\classes\Gems\Tracker\Source\LimeSurvey1m9Database.php(1433): Gems_Tracker_Source_LimeSurvey1m9Database->getTokenInfo()
#6 D:\data\www\lib\gemstracker\r191\trunk\vendor\gemstracker\gemstracker\classes\Gems\Tracker\Survey.php(628): Gems_Tracker_Source_LimeSurvey1m9Database->inSource()
#7 D:\data\www\lib\gemstracker\r191\trunk\vendor\gemstracker\gemstracker\classes\Gems\Tracker\Token.php(2046): Gems_Tracker_Survey->inSource()
#8 D:\data\www\lib\gemstracker\r191\trunk\vendor\gemstracker\gemstracker\classes\Gems\Tracker\RespondentTrack.php(1662): Gems_Tracker_Token->setReceptionCode()
#9 D:\data\www\lib\gemstracker\r191\trunk\vendor\gemstracker\gemstracker\classes\Gems\Snippets\Tracker\DeleteTrackSnippet.php(185): Gems_Tracker_RespondentTrack->setReceptionCode()
#10 D:\data\www\lib\gemstracker\r191\trunk\vendor\gemstracker\gemstracker\classes\Gems\Snippets\ReceptionCode\ChangeReceptionCodeSnippetAbstract.php(236): Gems\Snippets\Tracker\DeleteTrackSnippet->setReceptionCode()
#11 D:\data\www\lib\gemstracker\r191\trunk\vendor\magnafacta\mutil\src\MUtil\Snippets\ModelFormSnippetAbstract.php(589): Gems\Snippets\ReceptionCode\ChangeReceptionCodeSnippetAbstract->saveData()
#12 D:\data\www\lib\gemstracker\r191\trunk\vendor\magnafacta\mutil\src\MUtil\Snippets\ModelFormSnippetAbstract.php(446): MUtil_Snippets_ModelFormSnippetAbstract->processForm()
#13 D:\data\www\lib\gemstracker\r191\trunk\vendor\magnafacta\mutil\src\MUtil\Controller\Action.php(204): MUtil_Snippets_ModelFormSnippetAbstract->hasHtmlOutput()
#14 D:\data\www\lib\gemstracker\r191\trunk\vendor\gemstracker\gemstracker\classes\Gems\Default\TrackAction.php(695): MUtil_Controller_Action->addSnippets()
#15 D:\data\www\lib\gemstracker\r191\trunk\vendor\shardj\zf1-future\library\Zend\Controller\Action.php(516): Gems_Default_TrackAction->deleteTrackAction()
#16 D:\data\www\lib\gemstracker\r191\trunk\vendor\shardj\zf1-future\library\Zend\Controller\Dispatcher\Standard.php(308): Zend_Controller_Action->dispatch()
#17 D:\data\www\lib\gemstracker\r191\trunk\vendor\shardj\zf1-future\library\Zend\Controller\Front.php(954): Zend_Controller_Dispatcher_Standard->dispatch()
#18 D:\data\www\lib\gemstracker\r191\trunk\vendor\shardj\zf1-future\library\Zend\Application\Bootstrap\Bootstrap.php(105): Zend_Controller_Front->dispatch()
#19 D:\data\www\lib\gemstracker\r191\trunk\vendor\magnafacta\mutil\src\MUtil\Application\Escort.php(409): Zend_Application_Bootstrap_Bootstrap->run()
#20 D:\data\www\lib\gemstracker\r191\trunk\vendor\shardj\zf1-future\library\Zend\Application.php(400): MUtil_Application_Escort->run()
#21 D:\data\www\lib\gemstracker\r191\trunk\vendor\gemstracker\gemstracker\pre_bootstrap.php(56): Zend_Application->run()
#22 D:\data\www\html\knoond\index.php(113): require('D:\\data\\www\\lib...')
#23 {main}
2024-04-25T11:53:19+02:00 ERR (3): Mysqli statement execute error : Incorrect decimal value: '' for column '131838X638X12788' at row 1
#0 D:\data\www\lib\gemstracker\r191\trunk\vendor\shardj\zf1-future\library\Zend\Db\Statement.php(303): Zend_Db_Statement_Mysqli->_execute()
#1 D:\data\www\lib\gemstracker\r191\trunk\vendor\shardj\zf1-future\library\Zend\Db\Adapter\Abstract.php(480): Zend_Db_Statement->execute()
#2 D:\data\www\lib\gemstracker\r191\trunk\vendor\shardj\zf1-future\library\Zend\Db\Adapter\Abstract.php(577): Zend_Db_Adapter_Abstract->query()
#3 D:\data\www\lib\gemstracker\r191\trunk\vendor\gemstracker\gemstracker\classes\Gems\Tracker\Source\LimeSurvey1m9Database.php(1495): Zend_Db_Adapter_Abstract->insert()
#4 D:\data\www\lib\gemstracker\r191\trunk\vendor\gemstracker\gemstracker\classes\Gems\Tracker\Token.php(2009): Gems_Tracker_Source_LimeSurvey1m9Database->setRawTokenAnswers()
#5 D:\data\www\lib\gemstracker\r191\trunk\vendor\gemstracker\gemstracker\classes\Gems\Task\Import\SaveAnswerTask.php(208): Gems_Tracker_Token->setRawAnswers()
#6 D:\data\www\lib\gemstracker\r191\trunk\vendor\magnafacta\mutil\src\MUtil\Task\TaskBatch.php(170): Gems_Task_Import_SaveAnswerTask->execute()
#7 D:\data\www\lib\gemstracker\r191\trunk\vendor\magnafacta\mutil\src\MUtil\Batch\BatchAbstract.php(1331): MUtil_Task_TaskBatch->runTask()
#8 D:\data\www\lib\gemstracker\r191\trunk\vendor\magnafacta\mutil\src\MUtil\Batch\BatchAbstract.php(1003): MUtil_Batch_BatchAbstract->step()
#9 D:\data\www\lib\gemstracker\r191\trunk\vendor\magnafacta\mutil\src\MUtil\Snippets\Standard\ModelImportSnippet.php(372): MUtil_Batch_BatchAbstract->run()
#10 D:\data\www\lib\gemstracker\r191\trunk\vendor\magnafacta\mutil\src\MUtil\Snippets\Standard\ModelImportSnippet.php(439): MUtil_Snippets_Standard_ModelImportSnippet->addStep5()
#11 D:\data\www\lib\gemstracker\r191\trunk\vendor\magnafacta\mutil\src\MUtil\Snippets\WizardFormSnippetAbstract.php(258): MUtil_Snippets_Standard_ModelImportSnippet->addStepElementsFor()
#12 D:\data\www\lib\gemstracker\r191\trunk\vendor\gemstracker\gemstracker\classes\Gems\Snippets\Survey\AnswerImportSnippet.php(215): MUtil_Snippets_WizardFormSnippetAbstract->addFormElementsFor()
#13 D:\data\www\lib\gemstracker\r191\trunk\vendor\magnafacta\mutil\src\MUtil\Snippets\WizardFormSnippetAbstract.php(493): Gems_Snippets_Survey_AnswerImportSnippet->getFormFor()
#14 D:\data\www\lib\gemstracker\r191\trunk\vendor\magnafacta\mutil\src\MUtil\Snippets\WizardFormSnippetAbstract.php(538): MUtil_Snippets_WizardFormSnippetAbstract->loadFormFor()
#15 D:\data\www\lib\gemstracker\r191\trunk\vendor\magnafacta\mutil\src\MUtil\Snippets\ModelFormSnippetAbstract.php(446): MUtil_Snippets_WizardFormSnippetAbstract->processForm()
#16 D:\data\www\lib\gemstracker\r191\trunk\vendor\magnafacta\mutil\src\MUtil\Snippets\Standard\ModelImportSnippet.php(910): MUtil_Snippets_ModelFormSnippetAbstract->hasHtmlOutput()
#17 D:\data\www\lib\gemstracker\r191\trunk\vendor\magnafacta\mutil\src\MUtil\Controller\Action.php(204): MUtil_Snippets_Standard_ModelImportSnippet->hasHtmlOutput()
#18 D:\data\www\lib\gemstracker\r191\trunk\vendor\gemstracker\gemstracker\classes\Gems\Default\FileImportAction.php(47): MUtil_Controller_Action->addSnippets()
#19 D:\data\www\lib\gemstracker\r191\trunk\vendor\shardj\zf1-future\library\Zend\Controller\Action.php(516): Gems_Default_FileImportAction->answersImportAction()
#20 D:\data\www\lib\gemstracker\r191\trunk\vendor\shardj\zf1-future\library\Zend\Controller\Dispatcher\Standard.php(308): Zend_Controller_Action->dispatch()
#21 D:\data\www\lib\gemstracker\r191\trunk\vendor\shardj\zf1-future\library\Zend\Controller\Front.php(954): Zend_Controller_Dispatcher_Standard->dispatch()
#22 D:\data\www\lib\gemstracker\r191\trunk\vendor\shardj\zf1-future\library\Zend\Application\Bootstrap\Bootstrap.php(105): Zend_Controller_Front->dispatch()
#23 D:\data\www\lib\gemstracker\r191\trunk\vendor\magnafacta\mutil\src\MUtil\Application\Escort.php(409): Zend_Application_Bootstrap_Bootstrap->run()
#24 D:\data\www\lib\gemstracker\r191\trunk\vendor\shardj\zf1-future\library\Zend\Application.php(400): MUtil_Application_Escort->run()
#25 D:\data\www\lib\gemstracker\r191\trunk\vendor\gemstracker\gemstracker\pre_bootstrap.php(56): Zend_Application->run()
#26 D:\data\www\html\knoond\index.php(113): require('D:\\data\\www\\lib...')
#27 {main}
2024-04-25T12:24:07+02:00 ERR (3): Mysqli statement execute error : Incorrect decimal value: '' for column '131838X638X12788' at row 1
#0 D:\data\www\lib\gemstracker\r191\trunk\vendor\shardj\zf1-future\library\Zend\Db\Statement.php(303): Zend_Db_Statement_Mysqli->_execute()
#1 D:\data\www\lib\gemstracker\r191\trunk\vendor\shardj\zf1-future\library\Zend\Db\Adapter\Abstract.php(480): Zend_Db_Statement->execute()
#2 D:\data\www\lib\gemstracker\r191\trunk\vendor\shardj\zf1-future\library\Zend\Db\Adapter\Abstract.php(577): Zend_Db_Adapter_Abstract->query()
#3 D:\data\www\lib\gemstracker\r191\trunk\vendor\gemstracker\gemstracker\classes\Gems\Tracker\Source\LimeSurvey1m9Database.php(1495): Zend_Db_Adapter_Abstract->insert()
#4 D:\data\www\lib\gemstracker\r191\trunk\vendor\gemstracker\gemstracker\classes\Gems\Tracker\Token.php(2009): Gems_Tracker_Source_LimeSurvey1m9Database->setRawTokenAnswers()
#5 D:\data\www\lib\gemstracker\r191\trunk\vendor\gemstracker\gemstracker\classes\Gems\Task\Import\SaveAnswerTask.php(208): Gems_Tracker_Token->setRawAnswers()
#6 D:\data\www\lib\gemstracker\r191\trunk\vendor\magnafacta\mutil\src\MUtil\Task\TaskBatch.php(170): Gems_Task_Import_SaveAnswerTask->execute()
#7 D:\data\www\lib\gemstracker\r191\trunk\vendor\magnafacta\mutil\src\MUtil\Batch\BatchAbstract.php(1331): MUtil_Task_TaskBatch->runTask()
#8 D:\data\www\lib\gemstracker\r191\trunk\vendor\magnafacta\mutil\src\MUtil\Batch\BatchAbstract.php(1003): MUtil_Batch_BatchAbstract->step()
#9 D:\data\www\lib\gemstracker\r191\trunk\vendor\magnafacta\mutil\src\MUtil\Snippets\Standard\ModelImportSnippet.php(372): MUtil_Batch_BatchAbstract->run()
#10 D:\data\www\lib\gemstracker\r191\trunk\vendor\magnafacta\mutil\src\MUtil\Snippets\Standard\ModelImportSnippet.php(439): MUtil_Snippets_Standard_ModelImportSnippet->addStep5()
#11 D:\data\www\lib\gemstracker\r191\trunk\vendor\magnafacta\mutil\src\MUtil\Snippets\WizardFormSnippetAbstract.php(258): MUtil_Snippets_Standard_ModelImportSnippet->addStepElementsFor()
#12 D:\data\www\lib\gemstracker\r191\trunk\vendor\gemstracker\gemstracker\classes\Gems\Snippets\Survey\AnswerImportSnippet.php(215): MUtil_Snippets_WizardFormSnippetAbstract->addFormElementsFor()
#13 D:\data\www\lib\gemstracker\r191\trunk\vendor\magnafacta\mutil\src\MUtil\Snippets\WizardFormSnippetAbstract.php(493): Gems_Snippets_Survey_AnswerImportSnippet->getFormFor()
#14 D:\data\www\lib\gemstracker\r191\trunk\vendor\magnafacta\mutil\src\MUtil\Snippets\WizardFormSnippetAbstract.php(538): MUtil_Snippets_WizardFormSnippetAbstract->loadFormFor()
#15 D:\data\www\lib\gemstracker\r191\trunk\vendor\magnafacta\mutil\src\MUtil\Snippets\ModelFormSnippetAbstract.php(446): MUtil_Snippets_WizardFormSnippetAbstract->processForm()
#16 D:\data\www\lib\gemstracker\r191\trunk\vendor\magnafacta\mutil\src\MUtil\Snippets\Standard\ModelImportSnippet.php(910): MUtil_Snippets_ModelFormSnippetAbstract->hasHtmlOutput()
#17 D:\data\www\lib\gemstracker\r191\trunk\vendor\magnafacta\mutil\src\MUtil\Controller\Action.php(204): MUtil_Snippets_Standard_ModelImportSnippet->hasHtmlOutput()
#18 D:\data\www\lib\gemstracker\r191\trunk\vendor\gemstracker\gemstracker\classes\Gems\Default\FileImportAction.php(47): MUtil_Controller_Action->addSnippets()
#19 D:\data\www\lib\gemstracker\r191\trunk\vendor\shardj\zf1-future\library\Zend\Controller\Action.php(516): Gems_Default_FileImportAction->answersImportAction()
#20 D:\data\www\lib\gemstracker\r191\trunk\vendor\shardj\zf1-future\library\Zend\Controller\Dispatcher\Standard.php(308): Zend_Controller_Action->dispatch()
#21 D:\data\www\lib\gemstracker\r191\trunk\vendor\shardj\zf1-future\library\Zend\Controller\Front.php(954): Zend_Controller_Dispatcher_Standard->dispatch()
#22 D:\data\www\lib\gemstracker\r191\trunk\vendor\shardj\zf1-future\library\Zend\Application\Bootstrap\Bootstrap.php(105): Zend_Controller_Front->dispatch()
#23 D:\data\www\lib\gemstracker\r191\trunk\vendor\magnafacta\mutil\src\MUtil\Application\Escort.php(409): Zend_Application_Bootstrap_Bootstrap->run()
#24 D:\data\www\lib\gemstracker\r191\trunk\vendor\shardj\zf1-future\library\Zend\Application.php(400): MUtil_Application_Escort->run()
#25 D:\data\www\lib\gemstracker\r191\trunk\vendor\gemstracker\gemstracker\pre_bootstrap.php(56): Zend_Application->run()
#26 D:\data\www\html\knoond\index.php(113): require('D:\\data\\www\\lib...')
#27 {main}
2024-04-25T12:26:37+02:00 ERR (3): Mysqli statement execute error : Incorrect decimal value: '' for column '131838X638X12788' at row 1
#0 D:\data\www\lib\gemstracker\r191\trunk\vendor\shardj\zf1-future\library\Zend\Db\Statement.php(303): Zend_Db_Statement_Mysqli->_execute()
#1 D:\data\www\lib\gemstracker\r191\trunk\vendor\shardj\zf1-future\library\Zend\Db\Adapter\Abstract.php(480): Zend_Db_Statement->execute()
#2 D:\data\www\lib\gemstracker\r191\trunk\vendor\shardj\zf1-future\library\Zend\Db\Adapter\Abstract.php(577): Zend_Db_Adapter_Abstract->query()
#3 D:\data\www\lib\gemstracker\r191\trunk\vendor\gemstracker\gemstracker\classes\Gems\Tracker\Source\LimeSurvey1m9Database.php(1495): Zend_Db_Adapter_Abstract->insert()
#4 D:\data\www\lib\gemstracker\r191\trunk\vendor\gemstracker\gemstracker\classes\Gems\Tracker\Token.php(2009): Gems_Tracker_Source_LimeSurvey1m9Database->setRawTokenAnswers()
#5 D:\data\www\lib\gemstracker\r191\trunk\vendor\gemstracker\gemstracker\classes\Gems\Task\Import\SaveAnswerTask.php(208): Gems_Tracker_Token->setRawAnswers()
#6 D:\data\www\lib\gemstracker\r191\trunk\vendor\magnafacta\mutil\src\MUtil\Task\TaskBatch.php(170): Gems_Task_Import_SaveAnswerTask->execute()
#7 D:\data\www\lib\gemstracker\r191\trunk\vendor\magnafacta\mutil\src\MUtil\Batch\BatchAbstract.php(1331): MUtil_Task_TaskBatch->runTask()
#8 D:\data\www\lib\gemstracker\r191\trunk\vendor\magnafacta\mutil\src\MUtil\Batch\BatchAbstract.php(1003): MUtil_Batch_BatchAbstract->step()
#9 D:\data\www\lib\gemstracker\r191\trunk\vendor\magnafacta\mutil\src\MUtil\Snippets\Standard\ModelImportSnippet.php(372): MUtil_Batch_BatchAbstract->run()
#10 D:\data\www\lib\gemstracker\r191\trunk\vendor\magnafacta\mutil\src\MUtil\Snippets\Standard\ModelImportSnippet.php(439): MUtil_Snippets_Standard_ModelImportSnippet->addStep5()
#11 D:\data\www\lib\gemstracker\r191\trunk\vendor\magnafacta\mutil\src\MUtil\Snippets\WizardFormSnippetAbstract.php(258): MUtil_Snippets_Standard_ModelImportSnippet->addStepElementsFor()
#12 D:\data\www\lib\gemstracker\r191\trunk\vendor\gemstracker\gemstracker\classes\Gems\Snippets\Survey\AnswerImportSnippet.php(215): MUtil_Snippets_WizardFormSnippetAbstract->addFormElementsFor()
#13 D:\data\www\lib\gemstracker\r191\trunk\vendor\magnafacta\mutil\src\MUtil\Snippets\WizardFormSnippetAbstract.php(493): Gems_Snippets_Survey_AnswerImportSnippet->getFormFor()
#14 D:\data\www\lib\gemstracker\r191\trunk\vendor\magnafacta\mutil\src\MUtil\Snippets\WizardFormSnippetAbstract.php(538): MUtil_Snippets_WizardFormSnippetAbstract->loadFormFor()
#15 D:\data\www\lib\gemstracker\r191\trunk\vendor\magnafacta\mutil\src\MUtil\Snippets\ModelFormSnippetAbstract.php(446): MUtil_Snippets_WizardFormSnippetAbstract->processForm()
#16 D:\data\www\lib\gemstracker\r191\trunk\vendor\magnafacta\mutil\src\MUtil\Snippets\Standard\ModelImportSnippet.php(910): MUtil_Snippets_ModelFormSnippetAbstract->hasHtmlOutput()
#17 D:\data\www\lib\gemstracker\r191\trunk\vendor\magnafacta\mutil\src\MUtil\Controller\Action.php(204): MUtil_Snippets_Standard_ModelImportSnippet->hasHtmlOutput()
#18 D:\data\www\lib\gemstracker\r191\trunk\vendor\gemstracker\gemstracker\classes\Gems\Default\FileImportAction.php(47): MUtil_Controller_Action->addSnippets()
#19 D:\data\www\lib\gemstracker\r191\trunk\vendor\shardj\zf1-future\library\Zend\Controller\Action.php(516): Gems_Default_FileImportAction->answersImportAction()
#20 D:\data\www\lib\gemstracker\r191\trunk\vendor\shardj\zf1-future\library\Zend\Controller\Dispatcher\Standard.php(308): Zend_Controller_Action->dispatch()
#21 D:\data\www\lib\gemstracker\r191\trunk\vendor\shardj\zf1-future\library\Zend\Controller\Front.php(954): Zend_Controller_Dispatcher_Standard->dispatch()
#22 D:\data\www\lib\gemstracker\r191\trunk\vendor\shardj\zf1-future\library\Zend\Application\Bootstrap\Bootstrap.php(105): Zend_Controller_Front->dispatch()
#23 D:\data\www\lib\gemstracker\r191\trunk\vendor\magnafacta\mutil\src\MUtil\Application\Escort.php(409): Zend_Application_Bootstrap_Bootstrap->run()
#24 D:\data\www\lib\gemstracker\r191\trunk\vendor\shardj\zf1-future\library\Zend\Application.php(400): MUtil_Application_Escort->run()
#25 D:\data\www\lib\gemstracker\r191\trunk\vendor\gemstracker\gemstracker\pre_bootstrap.php(56): Zend_Application->run()
#26 D:\data\www\html\knoond\index.php(113): require('D:\\data\\www\\lib...')
#27 {main}
2024-04-25T12:29:07+02:00 ERR (3): Mysqli statement execute error : Incorrect decimal value: '' for column '131838X638X12788' at row 1
#0 D:\data\www\lib\gemstracker\r191\trunk\vendor\shardj\zf1-future\library\Zend\Db\Statement.php(303): Zend_Db_Statement_Mysqli->_execute()
#1 D:\data\www\lib\gemstracker\r191\trunk\vendor\shardj\zf1-future\library\Zend\Db\Adapter\Abstract.php(480): Zend_Db_Statement->execute()
#2 D:\data\www\lib\gemstracker\r191\trunk\vendor\shardj\zf1-future\library\Zend\Db\Adapter\Abstract.php(577): Zend_Db_Adapter_Abstract->query()
#3 D:\data\www\lib\gemstracker\r191\trunk\vendor\gemstracker\gemstracker\classes\Gems\Tracker\Source\LimeSurvey1m9Database.php(1495): Zend_Db_Adapter_Abstract->insert()
#4 D:\data\www\lib\gemstracker\r191\trunk\vendor\gemstracker\gemstracker\classes\Gems\Tracker\Token.php(2009): Gems_Tracker_Source_LimeSurvey1m9Database->setRawTokenAnswers()
#5 D:\data\www\lib\gemstracker\r191\trunk\vendor\gemstracker\gemstracker\classes\Gems\Task\Import\SaveAnswerTask.php(208): Gems_Tracker_Token->setRawAnswers()
#6 D:\data\www\lib\gemstracker\r191\trunk\vendor\magnafacta\mutil\src\MUtil\Task\TaskBatch.php(170): Gems_Task_Import_SaveAnswerTask->execute()
#7 D:\data\www\lib\gemstracker\r191\trunk\vendor\magnafacta\mutil\src\MUtil\Batch\BatchAbstract.php(1331): MUtil_Task_TaskBatch->runTask()
#8 D:\data\www\lib\gemstracker\r191\trunk\vendor\magnafacta\mutil\src\MUtil\Batch\BatchAbstract.php(1003): MUtil_Batch_BatchAbstract->step()
#9 D:\data\www\lib\gemstracker\r191\trunk\vendor\magnafacta\mutil\src\MUtil\Snippets\Standard\ModelImportSnippet.php(372): MUtil_Batch_BatchAbstract->run()
#10 D:\data\www\lib\gemstracker\r191\trunk\vendor\magnafacta\mutil\src\MUtil\Snippets\Standard\ModelImportSnippet.php(439): MUtil_Snippets_Standard_ModelImportSnippet->addStep5()
#11 D:\data\www\lib\gemstracker\r191\trunk\vendor\magnafacta\mutil\src\MUtil\Snippets\WizardFormSnippetAbstract.php(258): MUtil_Snippets_Standard_ModelImportSnippet->addStepElementsFor()
#12 D:\data\www\lib\gemstracker\r191\trunk\vendor\gemstracker\gemstracker\classes\Gems\Snippets\Survey\AnswerImportSnippet.php(215): MUtil_Snippets_WizardFormSnippetAbstract->addFormElementsFor()
#13 D:\data\www\lib\gemstracker\r191\trunk\vendor\magnafacta\mutil\src\MUtil\Snippets\WizardFormSnippetAbstract.php(493): Gems_Snippets_Survey_AnswerImportSnippet->getFormFor()
#14 D:\data\www\lib\gemstracker\r191\trunk\vendor\magnafacta\mutil\src\MUtil\Snippets\WizardFormSnippetAbstract.php(538): MUtil_Snippets_WizardFormSnippetAbstract->loadFormFor()
#15 D:\data\www\lib\gemstracker\r191\trunk\vendor\magnafacta\mutil\src\MUtil\Snippets\ModelFormSnippetAbstract.php(446): MUtil_Snippets_WizardFormSnippetAbstract->processForm()
#16 D:\data\www\lib\gemstracker\r191\trunk\vendor\magnafacta\mutil\src\MUtil\Snippets\Standard\ModelImportSnippet.php(910): MUtil_Snippets_ModelFormSnippetAbstract->hasHtmlOutput()
#17 D:\data\www\lib\gemstracker\r191\trunk\vendor\magnafacta\mutil\src\MUtil\Controller\Action.php(204): MUtil_Snippets_Standard_ModelImportSnippet->hasHtmlOutput()
#18 D:\data\www\lib\gemstracker\r191\trunk\vendor\gemstracker\gemstracker\classes\Gems\Default\FileImportAction.php(47): MUtil_Controller_Action->addSnippets()
#19 D:\data\www\lib\gemstracker\r191\trunk\vendor\shardj\zf1-future\library\Zend\Controller\Action.php(516): Gems_Default_FileImportAction->answersImportAction()
#20 D:\data\www\lib\gemstracker\r191\trunk\vendor\shardj\zf1-future\library\Zend\Controller\Dispatcher\Standard.php(308): Zend_Controller_Action->dispatch()
#21 D:\data\www\lib\gemstracker\r191\trunk\vendor\shardj\zf1-future\library\Zend\Controller\Front.php(954): Zend_Controller_Dispatcher_Standard->dispatch()
#22 D:\data\www\lib\gemstracker\r191\trunk\vendor\shardj\zf1-future\library\Zend\Application\Bootstrap\Bootstrap.php(105): Zend_Controller_Front->dispatch()
#23 D:\data\www\lib\gemstracker\r191\trunk\vendor\magnafacta\mutil\src\MUtil\Application\Escort.php(409): Zend_Application_Bootstrap_Bootstrap->run()
#24 D:\data\www\lib\gemstracker\r191\trunk\vendor\shardj\zf1-future\library\Zend\Application.php(400): MUtil_Application_Escort->run()
#25 D:\data\www\lib\gemstracker\r191\trunk\vendor\gemstracker\gemstracker\pre_bootstrap.php(56): Zend_Application->run()
#26 D:\data\www\html\knoond\index.php(113): require('D:\\data\\www\\lib...')
#27 {main}
2024-04-29T11:12:27+02:00 ERR (3): Mysqli statement execute error : Incorrect decimal value: '' for column '131838X638X12781' at row 1
#0 D:\data\www\lib\gemstracker\r191\trunk\vendor\shardj\zf1-future\library\Zend\Db\Statement.php(303): Zend_Db_Statement_Mysqli->_execute()
#1 D:\data\www\lib\gemstracker\r191\trunk\vendor\shardj\zf1-future\library\Zend\Db\Adapter\Abstract.php(480): Zend_Db_Statement->execute()
#2 D:\data\www\lib\gemstracker\r191\trunk\vendor\shardj\zf1-future\library\Zend\Db\Adapter\Abstract.php(577): Zend_Db_Adapter_Abstract->query()
#3 D:\data\www\lib\gemstracker\r191\trunk\vendor\gemstracker\gemstracker\classes\Gems\Tracker\Source\LimeSurvey1m9Database.php(1495): Zend_Db_Adapter_Abstract->insert()
#4 D:\data\www\lib\gemstracker\r191\trunk\vendor\gemstracker\gemstracker\classes\Gems\Tracker\Token.php(2009): Gems_Tracker_Source_LimeSurvey1m9Database->setRawTokenAnswers()
#5 D:\data\www\lib\gemstracker\r191\trunk\vendor\gemstracker\gemstracker\classes\Gems\Task\Import\SaveAnswerTask.php(208): Gems_Tracker_Token->setRawAnswers()
#6 D:\data\www\lib\gemstracker\r191\trunk\vendor\magnafacta\mutil\src\MUtil\Task\TaskBatch.php(170): Gems_Task_Import_SaveAnswerTask->execute()
#7 D:\data\www\lib\gemstracker\r191\trunk\vendor\magnafacta\mutil\src\MUtil\Batch\BatchAbstract.php(1331): MUtil_Task_TaskBatch->runTask()
#8 D:\data\www\lib\gemstracker\r191\trunk\vendor\magnafacta\mutil\src\MUtil\Batch\BatchAbstract.php(1003): MUtil_Batch_BatchAbstract->step()
#9 D:\data\www\lib\gemstracker\r191\trunk\vendor\magnafacta\mutil\src\MUtil\Snippets\Standard\ModelImportSnippet.php(372): MUtil_Batch_BatchAbstract->run()
#10 D:\data\www\lib\gemstracker\r191\trunk\vendor\magnafacta\mutil\src\MUtil\Snippets\Standard\ModelImportSnippet.php(439): MUtil_Snippets_Standard_ModelImportSnippet->addStep5()
#11 D:\data\www\lib\gemstracker\r191\trunk\vendor\magnafacta\mutil\src\MUtil\Snippets\WizardFormSnippetAbstract.php(258): MUtil_Snippets_Standard_ModelImportSnippet->addStepElementsFor()
#12 D:\data\www\lib\gemstracker\r191\trunk\vendor\gemstracker\gemstracker\classes\Gems\Snippets\Survey\AnswerImportSnippet.php(215): MUtil_Snippets_WizardFormSnippetAbstract->addFormElementsFor()
#13 D:\data\www\lib\gemstracker\r191\trunk\vendor\magnafacta\mutil\src\MUtil\Snippets\WizardFormSnippetAbstract.php(493): Gems_Snippets_Survey_AnswerImportSnippet->getFormFor()
#14 D:\data\www\lib\gemstracker\r191\trunk\vendor\magnafacta\mutil\src\MUtil\Snippets\WizardFormSnippetAbstract.php(538): MUtil_Snippets_WizardFormSnippetAbstract->loadFormFor()
#15 D:\data\www\lib\gemstracker\r191\trunk\vendor\magnafacta\mutil\src\MUtil\Snippets\ModelFormSnippetAbstract.php(446): MUtil_Snippets_WizardFormSnippetAbstract->processForm()
#16 D:\data\www\lib\gemstracker\r191\trunk\vendor\magnafacta\mutil\src\MUtil\Snippets\Standard\ModelImportSnippet.php(910): MUtil_Snippets_ModelFormSnippetAbstract->hasHtmlOutput()
#17 D:\data\www\lib\gemstracker\r191\trunk\vendor\magnafacta\mutil\src\MUtil\Controller\Action.php(204): MUtil_Snippets_Standard_ModelImportSnippet->hasHtmlOutput()
#18 D:\data\www\lib\gemstracker\r191\trunk\vendor\gemstracker\gemstracker\classes\Gems\Default\FileImportAction.php(47): MUtil_Controller_Action->addSnippets()
#19 D:\data\www\lib\gemstracker\r191\trunk\vendor\shardj\zf1-future\library\Zend\Controller\Action.php(516): Gems_Default_FileImportAction->answersImportAction()
#20 D:\data\www\lib\gemstracker\r191\trunk\vendor\shardj\zf1-future\library\Zend\Controller\Dispatcher\Standard.php(308): Zend_Controller_Action->dispatch()
#21 D:\data\www\lib\gemstracker\r191\trunk\vendor\shardj\zf1-future\library\Zend\Controller\Front.php(954): Zend_Controller_Dispatcher_Standard->dispatch()
#22 D:\data\www\lib\gemstracker\r191\trunk\vendor\shardj\zf1-future\library\Zend\Application\Bootstrap\Bootstrap.php(105): Zend_Controller_Front->dispatch()
#23 D:\data\www\lib\gemstracker\r191\trunk\vendor\magnafacta\mutil\src\MUtil\Application\Escort.php(409): Zend_Application_Bootstrap_Bootstrap->run()
#24 D:\data\www\lib\gemstracker\r191\trunk\vendor\shardj\zf1-future\library\Zend\Application.php(400): MUtil_Application_Escort->run()
#25 D:\data\www\lib\gemstracker\r191\trunk\vendor\gemstracker\gemstracker\pre_bootstrap.php(56): Zend_Application->run()
#26 D:\data\www\html\knoond\index.php(113): require('D:\\data\\www\\lib...')
#27 {main}
2024-04-29T11:16:14+02:00 ERR (3): Mysqli statement execute error : Incorrect decimal value: '' for column '131838X638X12781' at row 1
#0 D:\data\www\lib\gemstracker\r191\trunk\vendor\shardj\zf1-future\library\Zend\Db\Statement.php(303): Zend_Db_Statement_Mysqli->_execute()
#1 D:\data\www\lib\gemstracker\r191\trunk\vendor\shardj\zf1-future\library\Zend\Db\Adapter\Abstract.php(480): Zend_Db_Statement->execute()
#2 D:\data\www\lib\gemstracker\r191\trunk\vendor\shardj\zf1-future\library\Zend\Db\Adapter\Abstract.php(577): Zend_Db_Adapter_Abstract->query()
#3 D:\data\www\lib\gemstracker\r191\trunk\vendor\gemstracker\gemstracker\classes\Gems\Tracker\Source\LimeSurvey1m9Database.php(1495): Zend_Db_Adapter_Abstract->insert()
#4 D:\data\www\lib\gemstracker\r191\trunk\vendor\gemstracker\gemstracker\classes\Gems\Tracker\Token.php(2009): Gems_Tracker_Source_LimeSurvey1m9Database->setRawTokenAnswers()
#5 D:\data\www\lib\gemstracker\r191\trunk\vendor\gemstracker\gemstracker\classes\Gems\Task\Import\SaveAnswerTask.php(208): Gems_Tracker_Token->setRawAnswers()
#6 D:\data\www\lib\gemstracker\r191\trunk\vendor\magnafacta\mutil\src\MUtil\Task\TaskBatch.php(170): Gems_Task_Import_SaveAnswerTask->execute()
#7 D:\data\www\lib\gemstracker\r191\trunk\vendor\magnafacta\mutil\src\MUtil\Batch\BatchAbstract.php(1331): MUtil_Task_TaskBatch->runTask()
#8 D:\data\www\lib\gemstracker\r191\trunk\vendor\magnafacta\mutil\src\MUtil\Batch\BatchAbstract.php(1003): MUtil_Batch_BatchAbstract->step()
#9 D:\data\www\lib\gemstracker\r191\trunk\vendor\magnafacta\mutil\src\MUtil\Snippets\Standard\ModelImportSnippet.php(372): MUtil_Batch_BatchAbstract->run()
#10 D:\data\www\lib\gemstracker\r191\trunk\vendor\magnafacta\mutil\src\MUtil\Snippets\Standard\ModelImportSnippet.php(439): MUtil_Snippets_Standard_ModelImportSnippet->addStep5()
#11 D:\data\www\lib\gemstracker\r191\trunk\vendor\magnafacta\mutil\src\MUtil\Snippets\WizardFormSnippetAbstract.php(258): MUtil_Snippets_Standard_ModelImportSnippet->addStepElementsFor()
#12 D:\data\www\lib\gemstracker\r191\trunk\vendor\gemstracker\gemstracker\classes\Gems\Snippets\Survey\AnswerImportSnippet.php(215): MUtil_Snippets_WizardFormSnippetAbstract->addFormElementsFor()
#13 D:\data\www\lib\gemstracker\r191\trunk\vendor\magnafacta\mutil\src\MUtil\Snippets\WizardFormSnippetAbstract.php(493): Gems_Snippets_Survey_AnswerImportSnippet->getFormFor()
#14 D:\data\www\lib\gemstracker\r191\trunk\vendor\magnafacta\mutil\src\MUtil\Snippets\WizardFormSnippetAbstract.php(538): MUtil_Snippets_WizardFormSnippetAbstract->loadFormFor()
#15 D:\data\www\lib\gemstracker\r191\trunk\vendor\magnafacta\mutil\src\MUtil\Snippets\ModelFormSnippetAbstract.php(446): MUtil_Snippets_WizardFormSnippetAbstract->processForm()
#16 D:\data\www\lib\gemstracker\r191\trunk\vendor\magnafacta\mutil\src\MUtil\Snippets\Standard\ModelImportSnippet.php(910): MUtil_Snippets_ModelFormSnippetAbstract->hasHtmlOutput()
#17 D:\data\www\lib\gemstracker\r191\trunk\vendor\magnafacta\mutil\src\MUtil\Controller\Action.php(204): MUtil_Snippets_Standard_ModelImportSnippet->hasHtmlOutput()
#18 D:\data\www\lib\gemstracker\r191\trunk\vendor\gemstracker\gemstracker\classes\Gems\Default\FileImportAction.php(47): MUtil_Controller_Action->addSnippets()
#19 D:\data\www\lib\gemstracker\r191\trunk\vendor\shardj\zf1-future\library\Zend\Controller\Action.php(516): Gems_Default_FileImportAction->answersImportAction()
#20 D:\data\www\lib\gemstracker\r191\trunk\vendor\shardj\zf1-future\library\Zend\Controller\Dispatcher\Standard.php(308): Zend_Controller_Action->dispatch()
#21 D:\data\www\lib\gemstracker\r191\trunk\vendor\shardj\zf1-future\library\Zend\Controller\Front.php(954): Zend_Controller_Dispatcher_Standard->dispatch()
#22 D:\data\www\lib\gemstracker\r191\trunk\vendor\shardj\zf1-future\library\Zend\Application\Bootstrap\Bootstrap.php(105): Zend_Controller_Front->dispatch()
#23 D:\data\www\lib\gemstracker\r191\trunk\vendor\magnafacta\mutil\src\MUtil\Application\Escort.php(409): Zend_Application_Bootstrap_Bootstrap->run()
#24 D:\data\www\lib\gemstracker\r191\trunk\vendor\shardj\zf1-future\library\Zend\Application.php(400): MUtil_Application_Escort->run()
#25 D:\data\www\lib\gemstracker\r191\trunk\vendor\gemstracker\gemstracker\pre_bootstrap.php(56): Zend_Application->run()
#26 D:\data\www\html\knoond\index.php(113): require('D:\\data\\www\\lib...')
#27 {main}
2024-04-29T11:17:47+02:00 ERR (3): Mysqli statement execute error : Incorrect decimal value: '' for column '131838X638X12796' at row 1
#0 D:\data\www\lib\gemstracker\r191\trunk\vendor\shardj\zf1-future\library\Zend\Db\Statement.php(303): Zend_Db_Statement_Mysqli->_execute()
#1 D:\data\www\lib\gemstracker\r191\trunk\vendor\shardj\zf1-future\library\Zend\Db\Adapter\Abstract.php(480): Zend_Db_Statement->execute()
#2 D:\data\www\lib\gemstracker\r191\trunk\vendor\shardj\zf1-future\library\Zend\Db\Adapter\Abstract.php(577): Zend_Db_Adapter_Abstract->query()
#3 D:\data\www\lib\gemstracker\r191\trunk\vendor\gemstracker\gemstracker\classes\Gems\Tracker\Source\LimeSurvey1m9Database.php(1495): Zend_Db_Adapter_Abstract->insert()
#4 D:\data\www\lib\gemstracker\r191\trunk\vendor\gemstracker\gemstracker\classes\Gems\Tracker\Token.php(2009): Gems_Tracker_Source_LimeSurvey1m9Database->setRawTokenAnswers()
#5 D:\data\www\lib\gemstracker\r191\trunk\vendor\gemstracker\gemstracker\classes\Gems\Task\Import\SaveAnswerTask.php(208): Gems_Tracker_Token->setRawAnswers()
#6 D:\data\www\lib\gemstracker\r191\trunk\vendor\magnafacta\mutil\src\MUtil\Task\TaskBatch.php(170): Gems_Task_Import_SaveAnswerTask->execute()
#7 D:\data\www\lib\gemstracker\r191\trunk\vendor\magnafacta\mutil\src\MUtil\Batch\BatchAbstract.php(1331): MUtil_Task_TaskBatch->runTask()
#8 D:\data\www\lib\gemstracker\r191\trunk\vendor\magnafacta\mutil\src\MUtil\Batch\BatchAbstract.php(1003): MUtil_Batch_BatchAbstract->step()
#9 D:\data\www\lib\gemstracker\r191\trunk\vendor\magnafacta\mutil\src\MUtil\Snippets\Standard\ModelImportSnippet.php(372): MUtil_Batch_BatchAbstract->run()
#10 D:\data\www\lib\gemstracker\r191\trunk\vendor\magnafacta\mutil\src\MUtil\Snippets\Standard\ModelImportSnippet.php(439): MUtil_Snippets_Standard_ModelImportSnippet->addStep5()
#11 D:\data\www\lib\gemstracker\r191\trunk\vendor\magnafacta\mutil\src\MUtil\Snippets\WizardFormSnippetAbstract.php(258): MUtil_Snippets_Standard_ModelImportSnippet->addStepElementsFor()
#12 D:\data\www\lib\gemstracker\r191\trunk\vendor\gemstracker\gemstracker\classes\Gems\Snippets\Survey\AnswerImportSnippet.php(215): MUtil_Snippets_WizardFormSnippetAbstract->addFormElementsFor()
#13 D:\data\www\lib\gemstracker\r191\trunk\vendor\magnafacta\mutil\src\MUtil\Snippets\WizardFormSnippetAbstract.php(493): Gems_Snippets_Survey_AnswerImportSnippet->getFormFor()
#14 D:\data\www\lib\gemstracker\r191\trunk\vendor\magnafacta\mutil\src\MUtil\Snippets\WizardFormSnippetAbstract.php(538): MUtil_Snippets_WizardFormSnippetAbstract->loadFormFor()
#15 D:\data\www\lib\gemstracker\r191\trunk\vendor\magnafacta\mutil\src\MUtil\Snippets\ModelFormSnippetAbstract.php(446): MUtil_Snippets_WizardFormSnippetAbstract->processForm()
#16 D:\data\www\lib\gemstracker\r191\trunk\vendor\magnafacta\mutil\src\MUtil\Snippets\Standard\ModelImportSnippet.php(910): MUtil_Snippets_ModelFormSnippetAbstract->hasHtmlOutput()
#17 D:\data\www\lib\gemstracker\r191\trunk\vendor\magnafacta\mutil\src\MUtil\Controller\Action.php(204): MUtil_Snippets_Standard_ModelImportSnippet->hasHtmlOutput()
#18 D:\data\www\lib\gemstracker\r191\trunk\vendor\gemstracker\gemstracker\classes\Gems\Default\FileImportAction.php(47): MUtil_Controller_Action->addSnippets()
#19 D:\data\www\lib\gemstracker\r191\trunk\vendor\shardj\zf1-future\library\Zend\Controller\Action.php(516): Gems_Default_FileImportAction->answersImportAction()
#20 D:\data\www\lib\gemstracker\r191\trunk\vendor\shardj\zf1-future\library\Zend\Controller\Dispatcher\Standard.php(308): Zend_Controller_Action->dispatch()
#21 D:\data\www\lib\gemstracker\r191\trunk\vendor\shardj\zf1-future\library\Zend\Controller\Front.php(954): Zend_Controller_Dispatcher_Standard->dispatch()
#22 D:\data\www\lib\gemstracker\r191\trunk\vendor\shardj\zf1-future\library\Zend\Application\Bootstrap\Bootstrap.php(105): Zend_Controller_Front->dispatch()
#23 D:\data\www\lib\gemstracker\r191\trunk\vendor\magnafacta\mutil\src\MUtil\Application\Escort.php(409): Zend_Application_Bootstrap_Bootstrap->run()
#24 D:\data\www\lib\gemstracker\r191\trunk\vendor\shardj\zf1-future\library\Zend\Application.php(400): MUtil_Application_Escort->run()
#25 D:\data\www\lib\gemstracker\r191\trunk\vendor\gemstracker\gemstracker\pre_bootstrap.php(56): Zend_Application->run()
#26 D:\data\www\html\knoond\index.php(113): require('D:\\data\\www\\lib...')
#27 {main}
2024-04-29T11:30:11+02:00 ERR (3): Mysqli statement execute error : Incorrect decimal value: '' for column '131838X638X12831' at row 1
#0 D:\data\www\lib\gemstracker\r191\trunk\vendor\shardj\zf1-future\library\Zend\Db\Statement.php(303): Zend_Db_Statement_Mysqli->_execute()
#1 D:\data\www\lib\gemstracker\r191\trunk\vendor\shardj\zf1-future\library\Zend\Db\Adapter\Abstract.php(480): Zend_Db_Statement->execute()
#2 D:\data\www\lib\gemstracker\r191\trunk\vendor\shardj\zf1-future\library\Zend\Db\Adapter\Abstract.php(577): Zend_Db_Adapter_Abstract->query()
#3 D:\data\www\lib\gemstracker\r191\trunk\vendor\gemstracker\gemstracker\classes\Gems\Tracker\Source\LimeSurvey1m9Database.php(1495): Zend_Db_Adapter_Abstract->insert()
#4 D:\data\www\lib\gemstracker\r191\trunk\vendor\gemstracker\gemstracker\classes\Gems\Tracker\Token.php(2009): Gems_Tracker_Source_LimeSurvey1m9Database->setRawTokenAnswers()
#5 D:\data\www\lib\gemstracker\r191\trunk\vendor\gemstracker\gemstracker\classes\Gems\Task\Import\SaveAnswerTask.php(208): Gems_Tracker_Token->setRawAnswers()
#6 D:\data\www\lib\gemstracker\r191\trunk\vendor\magnafacta\mutil\src\MUtil\Task\TaskBatch.php(170): Gems_Task_Import_SaveAnswerTask->execute()
#7 D:\data\www\lib\gemstracker\r191\trunk\vendor\magnafacta\mutil\src\MUtil\Batch\BatchAbstract.php(1331): MUtil_Task_TaskBatch->runTask()
#8 D:\data\www\lib\gemstracker\r191\trunk\vendor\magnafacta\mutil\src\MUtil\Batch\BatchAbstract.php(1003): MUtil_Batch_BatchAbstract->step()
#9 D:\data\www\lib\gemstracker\r191\trunk\vendor\magnafacta\mutil\src\MUtil\Snippets\Standard\ModelImportSnippet.php(372): MUtil_Batch_BatchAbstract->run()
#10 D:\data\www\lib\gemstracker\r191\trunk\vendor\magnafacta\mutil\src\MUtil\Snippets\Standard\ModelImportSnippet.php(439): MUtil_Snippets_Standard_ModelImportSnippet->addStep5()
#11 D:\data\www\lib\gemstracker\r191\trunk\vendor\magnafacta\mutil\src\MUtil\Snippets\WizardFormSnippetAbstract.php(258): MUtil_Snippets_Standard_ModelImportSnippet->addStepElementsFor()
#12 D:\data\www\lib\gemstracker\r191\trunk\vendor\gemstracker\gemstracker\classes\Gems\Snippets\Survey\AnswerImportSnippet.php(215): MUtil_Snippets_WizardFormSnippetAbstract->addFormElementsFor()
#13 D:\data\www\lib\gemstracker\r191\trunk\vendor\magnafacta\mutil\src\MUtil\Snippets\WizardFormSnippetAbstract.php(493): Gems_Snippets_Survey_AnswerImportSnippet->getFormFor()
#14 D:\data\www\lib\gemstracker\r191\trunk\vendor\magnafacta\mutil\src\MUtil\Snippets\WizardFormSnippetAbstract.php(538): MUtil_Snippets_WizardFormSnippetAbstract->loadFormFor()
#15 D:\data\www\lib\gemstracker\r191\trunk\vendor\magnafacta\mutil\src\MUtil\Snippets\ModelFormSnippetAbstract.php(446): MUtil_Snippets_WizardFormSnippetAbstract->processForm()
#16 D:\data\www\lib\gemstracker\r191\trunk\vendor\magnafacta\mutil\src\MUtil\Snippets\Standard\ModelImportSnippet.php(910): MUtil_Snippets_ModelFormSnippetAbstract->hasHtmlOutput()
#17 D:\data\www\lib\gemstracker\r191\trunk\vendor\magnafacta\mutil\src\MUtil\Controller\Action.php(204): MUtil_Snippets_Standard_ModelImportSnippet->hasHtmlOutput()
#18 D:\data\www\lib\gemstracker\r191\trunk\vendor\gemstracker\gemstracker\classes\Gems\Default\FileImportAction.php(47): MUtil_Controller_Action->addSnippets()
#19 D:\data\www\lib\gemstracker\r191\trunk\vendor\shardj\zf1-future\library\Zend\Controller\Action.php(516): Gems_Default_FileImportAction->answersImportAction()
#20 D:\data\www\lib\gemstracker\r191\trunk\vendor\shardj\zf1-future\library\Zend\Controller\Dispatcher\Standard.php(308): Zend_Controller_Action->dispatch()
#21 D:\data\www\lib\gemstracker\r191\trunk\vendor\shardj\zf1-future\library\Zend\Controller\Front.php(954): Zend_Controller_Dispatcher_Standard->dispatch()
#22 D:\data\www\lib\gemstracker\r191\trunk\vendor\shardj\zf1-future\library\Zend\Application\Bootstrap\Bootstrap.php(105): Zend_Controller_Front->dispatch()
#23 D:\data\www\lib\gemstracker\r191\trunk\vendor\magnafacta\mutil\src\MUtil\Application\Escort.php(409): Zend_Application_Bootstrap_Bootstrap->run()
#24 D:\data\www\lib\gemstracker\r191\trunk\vendor\shardj\zf1-future\library\Zend\Application.php(400): MUtil_Application_Escort->run()
#25 D:\data\www\lib\gemstracker\r191\trunk\vendor\gemstracker\gemstracker\pre_bootstrap.php(56): Zend_Application->run()
#26 D:\data\www\html\knoond\index.php(113): require('D:\\data\\www\\lib...')
#27 {main}
2024-05-02T13:32:55+02:00 ERR (3): Mysqli statement execute error : Incorrect decimal value: '' for column '131838X644X13032' at row 1
#0 D:\data\www\lib\gemstracker\r191\trunk\vendor\shardj\zf1-future\library\Zend\Db\Statement.php(303): Zend_Db_Statement_Mysqli->_execute()
#1 D:\data\www\lib\gemstracker\r191\trunk\vendor\shardj\zf1-future\library\Zend\Db\Adapter\Abstract.php(480): Zend_Db_Statement->execute()
#2 D:\data\www\lib\gemstracker\r191\trunk\vendor\shardj\zf1-future\library\Zend\Db\Adapter\Abstract.php(577): Zend_Db_Adapter_Abstract->query()
#3 D:\data\www\lib\gemstracker\r191\trunk\vendor\gemstracker\gemstracker\classes\Gems\Tracker\Source\LimeSurvey1m9Database.php(1495): Zend_Db_Adapter_Abstract->insert()
#4 D:\data\www\lib\gemstracker\r191\trunk\vendor\gemstracker\gemstracker\classes\Gems\Tracker\Token.php(2009): Gems_Tracker_Source_LimeSurvey1m9Database->setRawTokenAnswers()
#5 D:\data\www\lib\gemstracker\r191\trunk\vendor\gemstracker\gemstracker\classes\Gems\Task\Import\SaveAnswerTask.php(208): Gems_Tracker_Token->setRawAnswers()
#6 D:\data\www\lib\gemstracker\r191\trunk\vendor\magnafacta\mutil\src\MUtil\Task\TaskBatch.php(170): Gems_Task_Import_SaveAnswerTask->execute()
#7 D:\data\www\lib\gemstracker\r191\trunk\vendor\magnafacta\mutil\src\MUtil\Batch\BatchAbstract.php(1331): MUtil_Task_TaskBatch->runTask()
#8 D:\data\www\lib\gemstracker\r191\trunk\vendor\magnafacta\mutil\src\MUtil\Batch\BatchAbstract.php(1003): MUtil_Batch_BatchAbstract->step()
#9 D:\data\www\lib\gemstracker\r191\trunk\vendor\magnafacta\mutil\src\MUtil\Snippets\Standard\ModelImportSnippet.php(372): MUtil_Batch_BatchAbstract->run()
#10 D:\data\www\lib\gemstracker\r191\trunk\vendor\magnafacta\mutil\src\MUtil\Snippets\Standard\ModelImportSnippet.php(439): MUtil_Snippets_Standard_ModelImportSnippet->addStep5()
#11 D:\data\www\lib\gemstracker\r191\trunk\vendor\magnafacta\mutil\src\MUtil\Snippets\WizardFormSnippetAbstract.php(258): MUtil_Snippets_Standard_ModelImportSnippet->addStepElementsFor()
#12 D:\data\www\lib\gemstracker\r191\trunk\vendor\gemstracker\gemstracker\classes\Gems\Snippets\Survey\AnswerImportSnippet.php(215): MUtil_Snippets_WizardFormSnippetAbstract->addFormElementsFor()
#13 D:\data\www\lib\gemstracker\r191\trunk\vendor\magnafacta\mutil\src\MUtil\Snippets\WizardFormSnippetAbstract.php(493): Gems_Snippets_Survey_AnswerImportSnippet->getFormFor()
#14 D:\data\www\lib\gemstracker\r191\trunk\vendor\magnafacta\mutil\src\MUtil\Snippets\WizardFormSnippetAbstract.php(538): MUtil_Snippets_WizardFormSnippetAbstract->loadFormFor()
#15 D:\data\www\lib\gemstracker\r191\trunk\vendor\magnafacta\mutil\src\MUtil\Snippets\ModelFormSnippetAbstract.php(446): MUtil_Snippets_WizardFormSnippetAbstract->processForm()
#16 D:\data\www\lib\gemstracker\r191\trunk\vendor\magnafacta\mutil\src\MUtil\Snippets\Standard\ModelImportSnippet.php(910): MUtil_Snippets_ModelFormSnippetAbstract->hasHtmlOutput()
#17 D:\data\www\lib\gemstracker\r191\trunk\vendor\magnafacta\mutil\src\MUtil\Controller\Action.php(204): MUtil_Snippets_Standard_ModelImportSnippet->hasHtmlOutput()
#18 D:\data\www\lib\gemstracker\r191\trunk\vendor\gemstracker\gemstracker\classes\Gems\Default\FileImportAction.php(47): MUtil_Controller_Action->addSnippets()
#19 D:\data\www\lib\gemstracker\r191\trunk\vendor\shardj\zf1-future\library\Zend\Controller\Action.php(516): Gems_Default_FileImportAction->answersImportAction()
#20 D:\data\www\lib\gemstracker\r191\trunk\vendor\shardj\zf1-future\library\Zend\Controller\Dispatcher\Standard.php(308): Zend_Controller_Action->dispatch()
#21 D:\data\www\lib\gemstracker\r191\trunk\vendor\shardj\zf1-future\library\Zend\Controller\Front.php(954): Zend_Controller_Dispatcher_Standard->dispatch()
#22 D:\data\www\lib\gemstracker\r191\trunk\vendor\shardj\zf1-future\library\Zend\Application\Bootstrap\Bootstrap.php(105): Zend_Controller_Front->dispatch()
#23 D:\data\www\lib\gemstracker\r191\trunk\vendor\magnafacta\mutil\src\MUtil\Application\Escort.php(409): Zend_Application_Bootstrap_Bootstrap->run()
#24 D:\data\www\lib\gemstracker\r191\trunk\vendor\shardj\zf1-future\library\Zend\Application.php(400): MUtil_Application_Escort->run()
#25 D:\data\www\lib\gemstracker\r191\trunk\vendor\gemstracker\gemstracker\pre_bootstrap.php(56): Zend_Application->run()
#26 D:\data\www\html\knoond\index.php(113): require('D:\\data\\www\\lib...')
#27 {main}
2024-05-02T13:47:09+02:00 ERR (3): Mysqli statement execute error : Incorrect decimal value: '' for column '131838X644X13025' at row 1
#0 D:\data\www\lib\gemstracker\r191\trunk\vendor\shardj\zf1-future\library\Zend\Db\Statement.php(303): Zend_Db_Statement_Mysqli->_execute()
#1 D:\data\www\lib\gemstracker\r191\trunk\vendor\shardj\zf1-future\library\Zend\Db\Adapter\Abstract.php(480): Zend_Db_Statement->execute()
#2 D:\data\www\lib\gemstracker\r191\trunk\vendor\shardj\zf1-future\library\Zend\Db\Adapter\Abstract.php(577): Zend_Db_Adapter_Abstract->query()
#3 D:\data\www\lib\gemstracker\r191\trunk\vendor\gemstracker\gemstracker\classes\Gems\Tracker\Source\LimeSurvey1m9Database.php(1495): Zend_Db_Adapter_Abstract->insert()
#4 D:\data\www\lib\gemstracker\r191\trunk\vendor\gemstracker\gemstracker\classes\Gems\Tracker\Token.php(2009): Gems_Tracker_Source_LimeSurvey1m9Database->setRawTokenAnswers()
#5 D:\data\www\lib\gemstracker\r191\trunk\vendor\gemstracker\gemstracker\classes\Gems\Task\Import\SaveAnswerTask.php(208): Gems_Tracker_Token->setRawAnswers()
#6 D:\data\www\lib\gemstracker\r191\trunk\vendor\magnafacta\mutil\src\MUtil\Task\TaskBatch.php(170): Gems_Task_Import_SaveAnswerTask->execute()
#7 D:\data\www\lib\gemstracker\r191\trunk\vendor\magnafacta\mutil\src\MUtil\Batch\BatchAbstract.php(1331): MUtil_Task_TaskBatch->runTask()
#8 D:\data\www\lib\gemstracker\r191\trunk\vendor\magnafacta\mutil\src\MUtil\Batch\BatchAbstract.php(1003): MUtil_Batch_BatchAbstract->step()
#9 D:\data\www\lib\gemstracker\r191\trunk\vendor\magnafacta\mutil\src\MUtil\Snippets\Standard\ModelImportSnippet.php(372): MUtil_Batch_BatchAbstract->run()
#10 D:\data\www\lib\gemstracker\r191\trunk\vendor\magnafacta\mutil\src\MUtil\Snippets\Standard\ModelImportSnippet.php(439): MUtil_Snippets_Standard_ModelImportSnippet->addStep5()
#11 D:\data\www\lib\gemstracker\r191\trunk\vendor\magnafacta\mutil\src\MUtil\Snippets\WizardFormSnippetAbstract.php(258): MUtil_Snippets_Standard_ModelImportSnippet->addStepElementsFor()
#12 D:\data\www\lib\gemstracker\r191\trunk\vendor\gemstracker\gemstracker\classes\Gems\Snippets\Survey\AnswerImportSnippet.php(215): MUtil_Snippets_WizardFormSnippetAbstract->addFormElementsFor()
#13 D:\data\www\lib\gemstracker\r191\trunk\vendor\magnafacta\mutil\src\MUtil\Snippets\WizardFormSnippetAbstract.php(493): Gems_Snippets_Survey_AnswerImportSnippet->getFormFor()
#14 D:\data\www\lib\gemstracker\r191\trunk\vendor\magnafacta\mutil\src\MUtil\Snippets\WizardFormSnippetAbstract.php(538): MUtil_Snippets_WizardFormSnippetAbstract->loadFormFor()
#15 D:\data\www\lib\gemstracker\r191\trunk\vendor\magnafacta\mutil\src\MUtil\Snippets\ModelFormSnippetAbstract.php(446): MUtil_Snippets_WizardFormSnippetAbstract->processForm()
#16 D:\data\www\lib\gemstracker\r191\trunk\vendor\magnafacta\mutil\src\MUtil\Snippets\Standard\ModelImportSnippet.php(910): MUtil_Snippets_ModelFormSnippetAbstract->hasHtmlOutput()
#17 D:\data\www\lib\gemstracker\r191\trunk\vendor\magnafacta\mutil\src\MUtil\Controller\Action.php(204): MUtil_Snippets_Standard_ModelImportSnippet->hasHtmlOutput()
#18 D:\data\www\lib\gemstracker\r191\trunk\vendor\gemstracker\gemstracker\classes\Gems\Default\FileImportAction.php(47): MUtil_Controller_Action->addSnippets()
#19 D:\data\www\lib\gemstracker\r191\trunk\vendor\shardj\zf1-future\library\Zend\Controller\Action.php(516): Gems_Default_FileImportAction->answersImportAction()
#20 D:\data\www\lib\gemstracker\r191\trunk\vendor\shardj\zf1-future\library\Zend\Controller\Dispatcher\Standard.php(308): Zend_Controller_Action->dispatch()
#21 D:\data\www\lib\gemstracker\r191\trunk\vendor\shardj\zf1-future\library\Zend\Controller\Front.php(954): Zend_Controller_Dispatcher_Standard->dispatch()
#22 D:\data\www\lib\gemstracker\r191\trunk\vendor\shardj\zf1-future\library\Zend\Application\Bootstrap\Bootstrap.php(105): Zend_Controller_Front->dispatch()
#23 D:\data\www\lib\gemstracker\r191\trunk\vendor\magnafacta\mutil\src\MUtil\Application\Escort.php(409): Zend_Application_Bootstrap_Bootstrap->run()
#24 D:\data\www\lib\gemstracker\r191\trunk\vendor\shardj\zf1-future\library\Zend\Application.php(400): MUtil_Application_Escort->run()
#25 D:\data\www\lib\gemstracker\r191\trunk\vendor\gemstracker\gemstracker\pre_bootstrap.php(56): Zend_Application->run()
#26 D:\data\www\html\knoond\index.php(113): require('D:\\data\\www\\lib...')
#27 {main}
2024-05-02T13:50:05+02:00 ERR (3): Mysqli statement execute error : Incorrect decimal value: '' for column '131838X644X13077' at row 1
#0 D:\data\www\lib\gemstracker\r191\trunk\vendor\shardj\zf1-future\library\Zend\Db\Statement.php(303): Zend_Db_Statement_Mysqli->_execute()
#1 D:\data\www\lib\gemstracker\r191\trunk\vendor\shardj\zf1-future\library\Zend\Db\Adapter\Abstract.php(480): Zend_Db_Statement->execute()
#2 D:\data\www\lib\gemstracker\r191\trunk\vendor\shardj\zf1-future\library\Zend\Db\Adapter\Abstract.php(577): Zend_Db_Adapter_Abstract->query()
#3 D:\data\www\lib\gemstracker\r191\trunk\vendor\gemstracker\gemstracker\classes\Gems\Tracker\Source\LimeSurvey1m9Database.php(1495): Zend_Db_Adapter_Abstract->insert()
#4 D:\data\www\lib\gemstracker\r191\trunk\vendor\gemstracker\gemstracker\classes\Gems\Tracker\Token.php(2009): Gems_Tracker_Source_LimeSurvey1m9Database->setRawTokenAnswers()
#5 D:\data\www\lib\gemstracker\r191\trunk\vendor\gemstracker\gemstracker\classes\Gems\Task\Import\SaveAnswerTask.php(208): Gems_Tracker_Token->setRawAnswers()
#6 D:\data\www\lib\gemstracker\r191\trunk\vendor\magnafacta\mutil\src\MUtil\Task\TaskBatch.php(170): Gems_Task_Import_SaveAnswerTask->execute()
#7 D:\data\www\lib\gemstracker\r191\trunk\vendor\magnafacta\mutil\src\MUtil\Batch\BatchAbstract.php(1331): MUtil_Task_TaskBatch->runTask()
#8 D:\data\www\lib\gemstracker\r191\trunk\vendor\magnafacta\mutil\src\MUtil\Batch\BatchAbstract.php(1003): MUtil_Batch_BatchAbstract->step()
#9 D:\data\www\lib\gemstracker\r191\trunk\vendor\magnafacta\mutil\src\MUtil\Snippets\Standard\ModelImportSnippet.php(372): MUtil_Batch_BatchAbstract->run()
#10 D:\data\www\lib\gemstracker\r191\trunk\vendor\magnafacta\mutil\src\MUtil\Snippets\Standard\ModelImportSnippet.php(439): MUtil_Snippets_Standard_ModelImportSnippet->addStep5()
#11 D:\data\www\lib\gemstracker\r191\trunk\vendor\magnafacta\mutil\src\MUtil\Snippets\WizardFormSnippetAbstract.php(258): MUtil_Snippets_Standard_ModelImportSnippet->addStepElementsFor()
#12 D:\data\www\lib\gemstracker\r191\trunk\vendor\gemstracker\gemstracker\classes\Gems\Snippets\Survey\AnswerImportSnippet.php(215): MUtil_Snippets_WizardFormSnippetAbstract->addFormElementsFor()
#13 D:\data\www\lib\gemstracker\r191\trunk\vendor\magnafacta\mutil\src\MUtil\Snippets\WizardFormSnippetAbstract.php(493): Gems_Snippets_Survey_AnswerImportSnippet->getFormFor()
#14 D:\data\www\lib\gemstracker\r191\trunk\vendor\magnafacta\mutil\src\MUtil\Snippets\WizardFormSnippetAbstract.php(538): MUtil_Snippets_WizardFormSnippetAbstract->loadFormFor()
#15 D:\data\www\lib\gemstracker\r191\trunk\vendor\magnafacta\mutil\src\MUtil\Snippets\ModelFormSnippetAbstract.php(446): MUtil_Snippets_WizardFormSnippetAbstract->processForm()
#16 D:\data\www\lib\gemstracker\r191\trunk\vendor\magnafacta\mutil\src\MUtil\Snippets\Standard\ModelImportSnippet.php(910): MUtil_Snippets_ModelFormSnippetAbstract->hasHtmlOutput()
#17 D:\data\www\lib\gemstracker\r191\trunk\vendor\magnafacta\mutil\src\MUtil\Controller\Action.php(204): MUtil_Snippets_Standard_ModelImportSnippet->hasHtmlOutput()
#18 D:\data\www\lib\gemstracker\r191\trunk\vendor\gemstracker\gemstracker\classes\Gems\Default\FileImportAction.php(47): MUtil_Controller_Action->addSnippets()
#19 D:\data\www\lib\gemstracker\r191\trunk\vendor\shardj\zf1-future\library\Zend\Controller\Action.php(516): Gems_Default_FileImportAction->answersImportAction()
#20 D:\data\www\lib\gemstracker\r191\trunk\vendor\shardj\zf1-future\library\Zend\Controller\Dispatcher\Standard.php(308): Zend_Controller_Action->dispatch()
#21 D:\data\www\lib\gemstracker\r191\trunk\vendor\shardj\zf1-future\library\Zend\Controller\Front.php(954): Zend_Controller_Dispatcher_Standard->dispatch()
#22 D:\data\www\lib\gemstracker\r191\trunk\vendor\shardj\zf1-future\library\Zend\Application\Bootstrap\Bootstrap.php(105): Zend_Controller_Front->dispatch()
#23 D:\data\www\lib\gemstracker\r191\trunk\vendor\magnafacta\mutil\src\MUtil\Application\Escort.php(409): Zend_Application_Bootstrap_Bootstrap->run()
#24 D:\data\www\lib\gemstracker\r191\trunk\vendor\shardj\zf1-future\library\Zend\Application.php(400): MUtil_Application_Escort->run()
#25 D:\data\www\lib\gemstracker\r191\trunk\vendor\gemstracker\gemstracker\pre_bootstrap.php(56): Zend_Application->run()
#26 D:\data\www\html\knoond\index.php(113): require('D:\\data\\www\\lib...')
#27 {main}
2024-05-02T13:52:05+02:00 ERR (3): Mysqli statement execute error : Incorrect decimal value: '' for column '131838X644X13065' at row 1
#0 D:\data\www\lib\gemstracker\r191\trunk\vendor\shardj\zf1-future\library\Zend\Db\Statement.php(303): Zend_Db_Statement_Mysqli->_execute()
#1 D:\data\www\lib\gemstracker\r191\trunk\vendor\shardj\zf1-future\library\Zend\Db\Adapter\Abstract.php(480): Zend_Db_Statement->execute()
#2 D:\data\www\lib\gemstracker\r191\trunk\vendor\shardj\zf1-future\library\Zend\Db\Adapter\Abstract.php(577): Zend_Db_Adapter_Abstract->query()
#3 D:\data\www\lib\gemstracker\r191\trunk\vendor\gemstracker\gemstracker\classes\Gems\Tracker\Source\LimeSurvey1m9Database.php(1495): Zend_Db_Adapter_Abstract->insert()
#4 D:\data\www\lib\gemstracker\r191\trunk\vendor\gemstracker\gemstracker\classes\Gems\Tracker\Token.php(2009): Gems_Tracker_Source_LimeSurvey1m9Database->setRawTokenAnswers()
#5 D:\data\www\lib\gemstracker\r191\trunk\vendor\gemstracker\gemstracker\classes\Gems\Task\Import\SaveAnswerTask.php(208): Gems_Tracker_Token->setRawAnswers()
#6 D:\data\www\lib\gemstracker\r191\trunk\vendor\magnafacta\mutil\src\MUtil\Task\TaskBatch.php(170): Gems_Task_Import_SaveAnswerTask->execute()
#7 D:\data\www\lib\gemstracker\r191\trunk\vendor\magnafacta\mutil\src\MUtil\Batch\BatchAbstract.php(1331): MUtil_Task_TaskBatch->runTask()
#8 D:\data\www\lib\gemstracker\r191\trunk\vendor\magnafacta\mutil\src\MUtil\Batch\BatchAbstract.php(1003): MUtil_Batch_BatchAbstract->step()
#9 D:\data\www\lib\gemstracker\r191\trunk\vendor\magnafacta\mutil\src\MUtil\Snippets\Standard\ModelImportSnippet.php(372): MUtil_Batch_BatchAbstract->run()
#10 D:\data\www\lib\gemstracker\r191\trunk\vendor\magnafacta\mutil\src\MUtil\Snippets\Standard\ModelImportSnippet.php(439): MUtil_Snippets_Standard_ModelImportSnippet->addStep5()
#11 D:\data\www\lib\gemstracker\r191\trunk\vendor\magnafacta\mutil\src\MUtil\Snippets\WizardFormSnippetAbstract.php(258): MUtil_Snippets_Standard_ModelImportSnippet->addStepElementsFor()
#12 D:\data\www\lib\gemstracker\r191\trunk\vendor\gemstracker\gemstracker\classes\Gems\Snippets\Survey\AnswerImportSnippet.php(215): MUtil_Snippets_WizardFormSnippetAbstract->addFormElementsFor()
#13 D:\data\www\lib\gemstracker\r191\trunk\vendor\magnafacta\mutil\src\MUtil\Snippets\WizardFormSnippetAbstract.php(493): Gems_Snippets_Survey_AnswerImportSnippet->getFormFor()
#14 D:\data\www\lib\gemstracker\r191\trunk\vendor\magnafacta\mutil\src\MUtil\Snippets\WizardFormSnippetAbstract.php(538): MUtil_Snippets_WizardFormSnippetAbstract->loadFormFor()
#15 D:\data\www\lib\gemstracker\r191\trunk\vendor\magnafacta\mutil\src\MUtil\Snippets\ModelFormSnippetAbstract.php(446): MUtil_Snippets_WizardFormSnippetAbstract->processForm()
#16 D:\data\www\lib\gemstracker\r191\trunk\vendor\magnafacta\mutil\src\MUtil\Snippets\Standard\ModelImportSnippet.php(910): MUtil_Snippets_ModelFormSnippetAbstract->hasHtmlOutput()
#17 D:\data\www\lib\gemstracker\r191\trunk\vendor\magnafacta\mutil\src\MUtil\Controller\Action.php(204): MUtil_Snippets_Standard_ModelImportSnippet->hasHtmlOutput()
#18 D:\data\www\lib\gemstracker\r191\trunk\vendor\gemstracker\gemstracker\classes\Gems\Default\FileImportAction.php(47): MUtil_Controller_Action->addSnippets()
#19 D:\data\www\lib\gemstracker\r191\trunk\vendor\shardj\zf1-future\library\Zend\Controller\Action.php(516): Gems_Default_FileImportAction->answersImportAction()
#20 D:\data\www\lib\gemstracker\r191\trunk\vendor\shardj\zf1-future\library\Zend\Controller\Dispatcher\Standard.php(308): Zend_Controller_Action->dispatch()
#21 D:\data\www\lib\gemstracker\r191\trunk\vendor\shardj\zf1-future\library\Zend\Controller\Front.php(954): Zend_Controller_Dispatcher_Standard->dispatch()
#22 D:\data\www\lib\gemstracker\r191\trunk\vendor\shardj\zf1-future\library\Zend\Application\Bootstrap\Bootstrap.php(105): Zend_Controller_Front->dispatch()
#23 D:\data\www\lib\gemstracker\r191\trunk\vendor\magnafacta\mutil\src\MUtil\Application\Escort.php(409): Zend_Application_Bootstrap_Bootstrap->run()
#24 D:\data\www\lib\gemstracker\r191\trunk\vendor\shardj\zf1-future\library\Zend\Application.php(400): MUtil_Application_Escort->run()
#25 D:\data\www\lib\gemstracker\r191\trunk\vendor\gemstracker\gemstracker\pre_bootstrap.php(56): Zend_Application->run()
#26 D:\data\www\html\knoond\index.php(113): require('D:\\data\\www\\lib...')
#27 {main}
2024-05-16T14:23:55+02:00 ERR (3): Mysqli statement execute error : Incorrect decimal value: '' for column '131838X644X13065' at row 1
#0 D:\data\www\lib\gemstracker\r191\trunk\vendor\shardj\zf1-future\library\Zend\Db\Statement.php(303): Zend_Db_Statement_Mysqli->_execute()
#1 D:\data\www\lib\gemstracker\r191\trunk\vendor\shardj\zf1-future\library\Zend\Db\Adapter\Abstract.php(480): Zend_Db_Statement->execute()
#2 D:\data\www\lib\gemstracker\r191\trunk\vendor\shardj\zf1-future\library\Zend\Db\Adapter\Abstract.php(577): Zend_Db_Adapter_Abstract->query()
#3 D:\data\www\lib\gemstracker\r191\trunk\vendor\gemstracker\gemstracker\classes\Gems\Tracker\Source\LimeSurvey1m9Database.php(1495): Zend_Db_Adapter_Abstract->insert()
#4 D:\data\www\lib\gemstracker\r191\trunk\vendor\gemstracker\gemstracker\classes\Gems\Tracker\Token.php(2009): Gems_Tracker_Source_LimeSurvey1m9Database->setRawTokenAnswers()
#5 D:\data\www\lib\gemstracker\r191\trunk\vendor\gemstracker\gemstracker\classes\Gems\Task\Import\SaveAnswerTask.php(208): Gems_Tracker_Token->setRawAnswers()
#6 D:\data\www\lib\gemstracker\r191\trunk\vendor\magnafacta\mutil\src\MUtil\Task\TaskBatch.php(170): Gems_Task_Import_SaveAnswerTask->execute()
#7 D:\data\www\lib\gemstracker\r191\trunk\vendor\magnafacta\mutil\src\MUtil\Batch\BatchAbstract.php(1331): MUtil_Task_TaskBatch->runTask()
#8 D:\data\www\lib\gemstracker\r191\trunk\vendor\magnafacta\mutil\src\MUtil\Batch\BatchAbstract.php(1003): MUtil_Batch_BatchAbstract->step()
#9 D:\data\www\lib\gemstracker\r191\trunk\vendor\magnafacta\mutil\src\MUtil\Snippets\Standard\ModelImportSnippet.php(372): MUtil_Batch_BatchAbstract->run()
#10 D:\data\www\lib\gemstracker\r191\trunk\vendor\magnafacta\mutil\src\MUtil\Snippets\Standard\ModelImportSnippet.php(439): MUtil_Snippets_Standard_ModelImportSnippet->addStep5()
#11 D:\data\www\lib\gemstracker\r191\trunk\vendor\magnafacta\mutil\src\MUtil\Snippets\WizardFormSnippetAbstract.php(258): MUtil_Snippets_Standard_ModelImportSnippet->addStepElementsFor()
#12 D:\data\www\lib\gemstracker\r191\trunk\vendor\gemstracker\gemstracker\classes\Gems\Snippets\Survey\AnswerImportSnippet.php(215): MUtil_Snippets_WizardFormSnippetAbstract->addFormElementsFor()
#13 D:\data\www\lib\gemstracker\r191\trunk\vendor\magnafacta\mutil\src\MUtil\Snippets\WizardFormSnippetAbstract.php(493): Gems_Snippets_Survey_AnswerImportSnippet->getFormFor()
#14 D:\data\www\lib\gemstracker\r191\trunk\vendor\magnafacta\mutil\src\MUtil\Snippets\WizardFormSnippetAbstract.php(538): MUtil_Snippets_WizardFormSnippetAbstract->loadFormFor()
#15 D:\data\www\lib\gemstracker\r191\trunk\vendor\magnafacta\mutil\src\MUtil\Snippets\ModelFormSnippetAbstract.php(446): MUtil_Snippets_WizardFormSnippetAbstract->processForm()
#16 D:\data\www\lib\gemstracker\r191\trunk\vendor\magnafacta\mutil\src\MUtil\Snippets\Standard\ModelImportSnippet.php(910): MUtil_Snippets_ModelFormSnippetAbstract->hasHtmlOutput()
#17 D:\data\www\lib\gemstracker\r191\trunk\vendor\magnafacta\mutil\src\MUtil\Controller\Action.php(204): MUtil_Snippets_Standard_ModelImportSnippet->hasHtmlOutput()
#18 D:\data\www\lib\gemstracker\r191\trunk\vendor\gemstracker\gemstracker\classes\Gems\Default\FileImportAction.php(47): MUtil_Controller_Action->addSnippets()
#19 D:\data\www\lib\gemstracker\r191\trunk\vendor\shardj\zf1-future\library\Zend\Controller\Action.php(516): Gems_Default_FileImportAction->answersImportAction()
#20 D:\data\www\lib\gemstracker\r191\trunk\vendor\shardj\zf1-future\library\Zend\Controller\Dispatcher\Standard.php(308): Zend_Controller_Action->dispatch()
#21 D:\data\www\lib\gemstracker\r191\trunk\vendor\shardj\zf1-future\library\Zend\Controller\Front.php(954): Zend_Controller_Dispatcher_Standard->dispatch()
#22 D:\data\www\lib\gemstracker\r191\trunk\vendor\shardj\zf1-future\library\Zend\Application\Bootstrap\Bootstrap.php(105): Zend_Controller_Front->dispatch()
#23 D:\data\www\lib\gemstracker\r191\trunk\vendor\magnafacta\mutil\src\MUtil\Application\Escort.php(409): Zend_Application_Bootstrap_Bootstrap->run()
#24 D:\data\www\lib\gemstracker\r191\trunk\vendor\shardj\zf1-future\library\Zend\Application.php(400): MUtil_Application_Escort->run()
#25 D:\data\www\lib\gemstracker\r191\trunk\vendor\gemstracker\gemstracker\pre_bootstrap.php(56): Zend_Application->run()
#26 D:\data\www\html\knoond\index.php(113): require('D:\\data\\www\\lib...')
#27 {main}
2024-05-16T14:24:27+02:00 ERR (3): Mysqli statement execute error : Incorrect decimal value: '' for column '131838X644X13065' at row 1
#0 D:\data\www\lib\gemstracker\r191\trunk\vendor\shardj\zf1-future\library\Zend\Db\Statement.php(303): Zend_Db_Statement_Mysqli->_execute()
#1 D:\data\www\lib\gemstracker\r191\trunk\vendor\shardj\zf1-future\library\Zend\Db\Adapter\Abstract.php(480): Zend_Db_Statement->execute()
#2 D:\data\www\lib\gemstracker\r191\trunk\vendor\shardj\zf1-future\library\Zend\Db\Adapter\Abstract.php(577): Zend_Db_Adapter_Abstract->query()
#3 D:\data\www\lib\gemstracker\r191\trunk\vendor\gemstracker\gemstracker\classes\Gems\Tracker\Source\LimeSurvey1m9Database.php(1495): Zend_Db_Adapter_Abstract->insert()
#4 D:\data\www\lib\gemstracker\r191\trunk\vendor\gemstracker\gemstracker\classes\Gems\Tracker\Token.php(2009): Gems_Tracker_Source_LimeSurvey1m9Database->setRawTokenAnswers()
#5 D:\data\www\lib\gemstracker\r191\trunk\vendor\gemstracker\gemstracker\classes\Gems\Task\Import\SaveAnswerTask.php(208): Gems_Tracker_Token->setRawAnswers()
#6 D:\data\www\lib\gemstracker\r191\trunk\vendor\magnafacta\mutil\src\MUtil\Task\TaskBatch.php(170): Gems_Task_Import_SaveAnswerTask->execute()
#7 D:\data\www\lib\gemstracker\r191\trunk\vendor\magnafacta\mutil\src\MUtil\Batch\BatchAbstract.php(1331): MUtil_Task_TaskBatch->runTask()
#8 D:\data\www\lib\gemstracker\r191\trunk\vendor\magnafacta\mutil\src\MUtil\Batch\BatchAbstract.php(1003): MUtil_Batch_BatchAbstract->step()
#9 D:\data\www\lib\gemstracker\r191\trunk\vendor\magnafacta\mutil\src\MUtil\Snippets\Standard\ModelImportSnippet.php(372): MUtil_Batch_BatchAbstract->run()
#10 D:\data\www\lib\gemstracker\r191\trunk\vendor\magnafacta\mutil\src\MUtil\Snippets\Standard\ModelImportSnippet.php(439): MUtil_Snippets_Standard_ModelImportSnippet->addStep5()
#11 D:\data\www\lib\gemstracker\r191\trunk\vendor\magnafacta\mutil\src\MUtil\Snippets\WizardFormSnippetAbstract.php(258): MUtil_Snippets_Standard_ModelImportSnippet->addStepElementsFor()
#12 D:\data\www\lib\gemstracker\r191\trunk\vendor\gemstracker\gemstracker\classes\Gems\Snippets\Survey\AnswerImportSnippet.php(215): MUtil_Snippets_WizardFormSnippetAbstract->addFormElementsFor()
#13 D:\data\www\lib\gemstracker\r191\trunk\vendor\magnafacta\mutil\src\MUtil\Snippets\WizardFormSnippetAbstract.php(493): Gems_Snippets_Survey_AnswerImportSnippet->getFormFor()
#14 D:\data\www\lib\gemstracker\r191\trunk\vendor\magnafacta\mutil\src\MUtil\Snippets\WizardFormSnippetAbstract.php(538): MUtil_Snippets_WizardFormSnippetAbstract->loadFormFor()
#15 D:\data\www\lib\gemstracker\r191\trunk\vendor\magnafacta\mutil\src\MUtil\Snippets\ModelFormSnippetAbstract.php(446): MUtil_Snippets_WizardFormSnippetAbstract->processForm()
#16 D:\data\www\lib\gemstracker\r191\trunk\vendor\magnafacta\mutil\src\MUtil\Snippets\Standard\ModelImportSnippet.php(910): MUtil_Snippets_ModelFormSnippetAbstract->hasHtmlOutput()
#17 D:\data\www\lib\gemstracker\r191\trunk\vendor\magnafacta\mutil\src\MUtil\Controller\Action.php(204): MUtil_Snippets_Standard_ModelImportSnippet->hasHtmlOutput()
#18 D:\data\www\lib\gemstracker\r191\trunk\vendor\gemstracker\gemstracker\classes\Gems\Default\FileImportAction.php(47): MUtil_Controller_Action->addSnippets()
#19 D:\data\www\lib\gemstracker\r191\trunk\vendor\shardj\zf1-future\library\Zend\Controller\Action.php(516): Gems_Default_FileImportAction->answersImportAction()
#20 D:\data\www\lib\gemstracker\r191\trunk\vendor\shardj\zf1-future\library\Zend\Controller\Dispatcher\Standard.php(308): Zend_Controller_Action->dispatch()
#21 D:\data\www\lib\gemstracker\r191\trunk\vendor\shardj\zf1-future\library\Zend\Controller\Front.php(954): Zend_Controller_Dispatcher_Standard->dispatch()
#22 D:\data\www\lib\gemstracker\r191\trunk\vendor\shardj\zf1-future\library\Zend\Application\Bootstrap\Bootstrap.php(105): Zend_Controller_Front->dispatch()
#23 D:\data\www\lib\gemstracker\r191\trunk\vendor\magnafacta\mutil\src\MUtil\Application\Escort.php(409): Zend_Application_Bootstrap_Bootstrap->run()
#24 D:\data\www\lib\gemstracker\r191\trunk\vendor\shardj\zf1-future\library\Zend\Application.php(400): MUtil_Application_Escort->run()
#25 D:\data\www\lib\gemstracker\r191\trunk\vendor\gemstracker\gemstracker\pre_bootstrap.php(56): Zend_Application->run()
#26 D:\data\www\html\knoond\index.php(113): require('D:\\data\\www\\lib...')
#27 {main}
2024-05-16T14:31:24+02:00 ERR (3): Mysqli statement execute error : Incorrect decimal value: '' for column '131838X644X13123' at row 1
#0 D:\data\www\lib\gemstracker\r191\trunk\vendor\shardj\zf1-future\library\Zend\Db\Statement.php(303): Zend_Db_Statement_Mysqli->_execute()
#1 D:\data\www\lib\gemstracker\r191\trunk\vendor\shardj\zf1-future\library\Zend\Db\Adapter\Abstract.php(480): Zend_Db_Statement->execute()
#2 D:\data\www\lib\gemstracker\r191\trunk\vendor\shardj\zf1-future\library\Zend\Db\Adapter\Abstract.php(577): Zend_Db_Adapter_Abstract->query()
#3 D:\data\www\lib\gemstracker\r191\trunk\vendor\gemstracker\gemstracker\classes\Gems\Tracker\Source\LimeSurvey1m9Database.php(1495): Zend_Db_Adapter_Abstract->insert()
#4 D:\data\www\lib\gemstracker\r191\trunk\vendor\gemstracker\gemstracker\classes\Gems\Tracker\Token.php(2009): Gems_Tracker_Source_LimeSurvey1m9Database->setRawTokenAnswers()
#5 D:\data\www\lib\gemstracker\r191\trunk\vendor\gemstracker\gemstracker\classes\Gems\Task\Import\SaveAnswerTask.php(208): Gems_Tracker_Token->setRawAnswers()
#6 D:\data\www\lib\gemstracker\r191\trunk\vendor\magnafacta\mutil\src\MUtil\Task\TaskBatch.php(170): Gems_Task_Import_SaveAnswerTask->execute()
#7 D:\data\www\lib\gemstracker\r191\trunk\vendor\magnafacta\mutil\src\MUtil\Batch\BatchAbstract.php(1331): MUtil_Task_TaskBatch->runTask()
#8 D:\data\www\lib\gemstracker\r191\trunk\vendor\magnafacta\mutil\src\MUtil\Batch\BatchAbstract.php(1003): MUtil_Batch_BatchAbstract->step()
#9 D:\data\www\lib\gemstracker\r191\trunk\vendor\magnafacta\mutil\src\MUtil\Snippets\Standard\ModelImportSnippet.php(372): MUtil_Batch_BatchAbstract->run()
#10 D:\data\www\lib\gemstracker\r191\trunk\vendor\magnafacta\mutil\src\MUtil\Snippets\Standard\ModelImportSnippet.php(439): MUtil_Snippets_Standard_ModelImportSnippet->addStep5()
#11 D:\data\www\lib\gemstracker\r191\trunk\vendor\magnafacta\mutil\src\MUtil\Snippets\WizardFormSnippetAbstract.php(258): MUtil_Snippets_Standard_ModelImportSnippet->addStepElementsFor()
#12 D:\data\www\lib\gemstracker\r191\trunk\vendor\gemstracker\gemstracker\classes\Gems\Snippets\Survey\AnswerImportSnippet.php(215): MUtil_Snippets_WizardFormSnippetAbstract->addFormElementsFor()
#13 D:\data\www\lib\gemstracker\r191\trunk\vendor\magnafacta\mutil\src\MUtil\Snippets\WizardFormSnippetAbstract.php(493): Gems_Snippets_Survey_AnswerImportSnippet->getFormFor()
#14 D:\data\www\lib\gemstracker\r191\trunk\vendor\magnafacta\mutil\src\MUtil\Snippets\WizardFormSnippetAbstract.php(538): MUtil_Snippets_WizardFormSnippetAbstract->loadFormFor()
#15 D:\data\www\lib\gemstracker\r191\trunk\vendor\magnafacta\mutil\src\MUtil\Snippets\ModelFormSnippetAbstract.php(446): MUtil_Snippets_WizardFormSnippetAbstract->processForm()
#16 D:\data\www\lib\gemstracker\r191\trunk\vendor\magnafacta\mutil\src\MUtil\Snippets\Standard\ModelImportSnippet.php(910): MUtil_Snippets_ModelFormSnippetAbstract->hasHtmlOutput()
#17 D:\data\www\lib\gemstracker\r191\trunk\vendor\magnafacta\mutil\src\MUtil\Controller\Action.php(204): MUtil_Snippets_Standard_ModelImportSnippet->hasHtmlOutput()
#18 D:\data\www\lib\gemstracker\r191\trunk\vendor\gemstracker\gemstracker\classes\Gems\Default\FileImportAction.php(47): MUtil_Controller_Action->addSnippets()
#19 D:\data\www\lib\gemstracker\r191\trunk\vendor\shardj\zf1-future\library\Zend\Controller\Action.php(516): Gems_Default_FileImportAction->answersImportAction()
#20 D:\data\www\lib\gemstracker\r191\trunk\vendor\shardj\zf1-future\library\Zend\Controller\Dispatcher\Standard.php(308): Zend_Controller_Action->dispatch()
#21 D:\data\www\lib\gemstracker\r191\trunk\vendor\shardj\zf1-future\library\Zend\Controller\Front.php(954): Zend_Controller_Dispatcher_Standard->dispatch()
#22 D:\data\www\lib\gemstracker\r191\trunk\vendor\shardj\zf1-future\library\Zend\Application\Bootstrap\Bootstrap.php(105): Zend_Controller_Front->dispatch()
#23 D:\data\www\lib\gemstracker\r191\trunk\vendor\magnafacta\mutil\src\MUtil\Application\Escort.php(409): Zend_Application_Bootstrap_Bootstrap->run()
#24 D:\data\www\lib\gemstracker\r191\trunk\vendor\shardj\zf1-future\library\Zend\Application.php(400): MUtil_Application_Escort->run()
#25 D:\data\www\lib\gemstracker\r191\trunk\vendor\gemstracker\gemstracker\pre_bootstrap.php(56): Zend_Application->run()
#26 D:\data\www\html\knoond\index.php(113): require('D:\\data\\www\\lib...')
#27 {main}
2024-05-16T15:06:49+02:00 ERR (3): Mysqli statement execute error : Incorrect decimal value: '4,72' for column '131838X644X13073' at row 1
#0 D:\data\www\lib\gemstracker\r191\trunk\vendor\shardj\zf1-future\library\Zend\Db\Statement.php(303): Zend_Db_Statement_Mysqli->_execute()
#1 D:\data\www\lib\gemstracker\r191\trunk\vendor\shardj\zf1-future\library\Zend\Db\Adapter\Abstract.php(480): Zend_Db_Statement->execute()
#2 D:\data\www\lib\gemstracker\r191\trunk\vendor\shardj\zf1-future\library\Zend\Db\Adapter\Abstract.php(636): Zend_Db_Adapter_Abstract->query()
#3 D:\data\www\lib\gemstracker\r191\trunk\vendor\gemstracker\gemstracker\classes\Gems\Tracker\Source\LimeSurvey1m9Database.php(1485): Zend_Db_Adapter_Abstract->update()
#4 D:\data\www\lib\gemstracker\r191\trunk\vendor\gemstracker\gemstracker\classes\Gems\Tracker\Token.php(2009): Gems_Tracker_Source_LimeSurvey1m9Database->setRawTokenAnswers()
#5 D:\data\www\lib\gemstracker\r191\trunk\vendor\gemstracker\gemstracker\classes\Gems\Task\Import\SaveAnswerTask.php(208): Gems_Tracker_Token->setRawAnswers()
#6 D:\data\www\lib\gemstracker\r191\trunk\vendor\magnafacta\mutil\src\MUtil\Task\TaskBatch.php(170): Gems_Task_Import_SaveAnswerTask->execute()
#7 D:\data\www\lib\gemstracker\r191\trunk\vendor\magnafacta\mutil\src\MUtil\Batch\BatchAbstract.php(1331): MUtil_Task_TaskBatch->runTask()
#8 D:\data\www\lib\gemstracker\r191\trunk\vendor\magnafacta\mutil\src\MUtil\Batch\BatchAbstract.php(1003): MUtil_Batch_BatchAbstract->step()
#9 D:\data\www\lib\gemstracker\r191\trunk\vendor\magnafacta\mutil\src\MUtil\Snippets\Standard\ModelImportSnippet.php(372): MUtil_Batch_BatchAbstract->run()
#10 D:\data\www\lib\gemstracker\r191\trunk\vendor\magnafacta\mutil\src\MUtil\Snippets\Standard\ModelImportSnippet.php(439): MUtil_Snippets_Standard_ModelImportSnippet->addStep5()
#11 D:\data\www\lib\gemstracker\r191\trunk\vendor\magnafacta\mutil\src\MUtil\Snippets\WizardFormSnippetAbstract.php(258): MUtil_Snippets_Standard_ModelImportSnippet->addStepElementsFor()
#12 D:\data\www\lib\gemstracker\r191\trunk\vendor\gemstracker\gemstracker\classes\Gems\Snippets\Survey\AnswerImportSnippet.php(215): MUtil_Snippets_WizardFormSnippetAbstract->addFormElementsFor()
#13 D:\data\www\lib\gemstracker\r191\trunk\vendor\magnafacta\mutil\src\MUtil\Snippets\WizardFormSnippetAbstract.php(493): Gems_Snippets_Survey_AnswerImportSnippet->getFormFor()
#14 D:\data\www\lib\gemstracker\r191\trunk\vendor\magnafacta\mutil\src\MUtil\Snippets\WizardFormSnippetAbstract.php(538): MUtil_Snippets_WizardFormSnippetAbstract->loadFormFor()
#15 D:\data\www\lib\gemstracker\r191\trunk\vendor\magnafacta\mutil\src\MUtil\Snippets\ModelFormSnippetAbstract.php(446): MUtil_Snippets_WizardFormSnippetAbstract->processForm()
#16 D:\data\www\lib\gemstracker\r191\trunk\vendor\magnafacta\mutil\src\MUtil\Snippets\Standard\ModelImportSnippet.php(910): MUtil_Snippets_ModelFormSnippetAbstract->hasHtmlOutput()
#17 D:\data\www\lib\gemstracker\r191\trunk\vendor\magnafacta\mutil\src\MUtil\Controller\Action.php(204): MUtil_Snippets_Standard_ModelImportSnippet->hasHtmlOutput()
#18 D:\data\www\lib\gemstracker\r191\trunk\vendor\gemstracker\gemstracker\classes\Gems\Default\FileImportAction.php(47): MUtil_Controller_Action->addSnippets()
#19 D:\data\www\lib\gemstracker\r191\trunk\vendor\shardj\zf1-future\library\Zend\Controller\Action.php(516): Gems_Default_FileImportAction->answersImportAction()
#20 D:\data\www\lib\gemstracker\r191\trunk\vendor\shardj\zf1-future\library\Zend\Controller\Dispatcher\Standard.php(308): Zend_Controller_Action->dispatch()
#21 D:\data\www\lib\gemstracker\r191\trunk\vendor\shardj\zf1-future\library\Zend\Controller\Front.php(954): Zend_Controller_Dispatcher_Standard->dispatch()
#22 D:\data\www\lib\gemstracker\r191\trunk\vendor\shardj\zf1-future\library\Zend\Application\Bootstrap\Bootstrap.php(105): Zend_Controller_Front->dispatch()
#23 D:\data\www\lib\gemstracker\r191\trunk\vendor\magnafacta\mutil\src\MUtil\Application\Escort.php(409): Zend_Application_Bootstrap_Bootstrap->run()
#24 D:\data\www\lib\gemstracker\r191\trunk\vendor\shardj\zf1-future\library\Zend\Application.php(400): MUtil_Application_Escort->run()
#25 D:\data\www\lib\gemstracker\r191\trunk\vendor\gemstracker\gemstracker\pre_bootstrap.php(56): Zend_Application->run()
#26 D:\data\www\html\knoond\index.php(113): require('D:\\data\\www\\lib...')
#27 {main}
2024-05-16T15:08:28+02:00 ERR (3): Mysqli statement execute error : Incorrect decimal value: '' for column '131838X644X13119' at row 1
#0 D:\data\www\lib\gemstracker\r191\trunk\vendor\shardj\zf1-future\library\Zend\Db\Statement.php(303): Zend_Db_Statement_Mysqli->_execute()
#1 D:\data\www\lib\gemstracker\r191\trunk\vendor\shardj\zf1-future\library\Zend\Db\Adapter\Abstract.php(480): Zend_Db_Statement->execute()
#2 D:\data\www\lib\gemstracker\r191\trunk\vendor\shardj\zf1-future\library\Zend\Db\Adapter\Abstract.php(636): Zend_Db_Adapter_Abstract->query()
#3 D:\data\www\lib\gemstracker\r191\trunk\vendor\gemstracker\gemstracker\classes\Gems\Tracker\Source\LimeSurvey1m9Database.php(1485): Zend_Db_Adapter_Abstract->update()
#4 D:\data\www\lib\gemstracker\r191\trunk\vendor\gemstracker\gemstracker\classes\Gems\Tracker\Token.php(2009): Gems_Tracker_Source_LimeSurvey1m9Database->setRawTokenAnswers()
#5 D:\data\www\lib\gemstracker\r191\trunk\vendor\gemstracker\gemstracker\classes\Gems\Task\Import\SaveAnswerTask.php(208): Gems_Tracker_Token->setRawAnswers()
#6 D:\data\www\lib\gemstracker\r191\trunk\vendor\magnafacta\mutil\src\MUtil\Task\TaskBatch.php(170): Gems_Task_Import_SaveAnswerTask->execute()
#7 D:\data\www\lib\gemstracker\r191\trunk\vendor\magnafacta\mutil\src\MUtil\Batch\BatchAbstract.php(1331): MUtil_Task_TaskBatch->runTask()
#8 D:\data\www\lib\gemstracker\r191\trunk\vendor\magnafacta\mutil\src\MUtil\Batch\BatchAbstract.php(1003): MUtil_Batch_BatchAbstract->step()
#9 D:\data\www\lib\gemstracker\r191\trunk\vendor\magnafacta\mutil\src\MUtil\Snippets\Standard\ModelImportSnippet.php(372): MUtil_Batch_BatchAbstract->run()
#10 D:\data\www\lib\gemstracker\r191\trunk\vendor\magnafacta\mutil\src\MUtil\Snippets\Standard\ModelImportSnippet.php(439): MUtil_Snippets_Standard_ModelImportSnippet->addStep5()
#11 D:\data\www\lib\gemstracker\r191\trunk\vendor\magnafacta\mutil\src\MUtil\Snippets\WizardFormSnippetAbstract.php(258): MUtil_Snippets_Standard_ModelImportSnippet->addStepElementsFor()
#12 D:\data\www\lib\gemstracker\r191\trunk\vendor\gemstracker\gemstracker\classes\Gems\Snippets\Survey\AnswerImportSnippet.php(215): MUtil_Snippets_WizardFormSnippetAbstract->addFormElementsFor()
#13 D:\data\www\lib\gemstracker\r191\trunk\vendor\magnafacta\mutil\src\MUtil\Snippets\WizardFormSnippetAbstract.php(493): Gems_Snippets_Survey_AnswerImportSnippet->getFormFor()
#14 D:\data\www\lib\gemstracker\r191\trunk\vendor\magnafacta\mutil\src\MUtil\Snippets\WizardFormSnippetAbstract.php(538): MUtil_Snippets_WizardFormSnippetAbstract->loadFormFor()
#15 D:\data\www\lib\gemstracker\r191\trunk\vendor\magnafacta\mutil\src\MUtil\Snippets\ModelFormSnippetAbstract.php(446): MUtil_Snippets_WizardFormSnippetAbstract->processForm()
#16 D:\data\www\lib\gemstracker\r191\trunk\vendor\magnafacta\mutil\src\MUtil\Snippets\Standard\ModelImportSnippet.php(910): MUtil_Snippets_ModelFormSnippetAbstract->hasHtmlOutput()
#17 D:\data\www\lib\gemstracker\r191\trunk\vendor\magnafacta\mutil\src\MUtil\Controller\Action.php(204): MUtil_Snippets_Standard_ModelImportSnippet->hasHtmlOutput()
#18 D:\data\www\lib\gemstracker\r191\trunk\vendor\gemstracker\gemstracker\classes\Gems\Default\FileImportAction.php(47): MUtil_Controller_Action->addSnippets()
#19 D:\data\www\lib\gemstracker\r191\trunk\vendor\shardj\zf1-future\library\Zend\Controller\Action.php(516): Gems_Default_FileImportAction->answersImportAction()
#20 D:\data\www\lib\gemstracker\r191\trunk\vendor\shardj\zf1-future\library\Zend\Controller\Dispatcher\Standard.php(308): Zend_Controller_Action->dispatch()
#21 D:\data\www\lib\gemstracker\r191\trunk\vendor\shardj\zf1-future\library\Zend\Controller\Front.php(954): Zend_Controller_Dispatcher_Standard->dispatch()
#22 D:\data\www\lib\gemstracker\r191\trunk\vendor\shardj\zf1-future\library\Zend\Application\Bootstrap\Bootstrap.php(105): Zend_Controller_Front->dispatch()
#23 D:\data\www\lib\gemstracker\r191\trunk\vendor\magnafacta\mutil\src\MUtil\Application\Escort.php(409): Zend_Application_Bootstrap_Bootstrap->run()
#24 D:\data\www\lib\gemstracker\r191\trunk\vendor\shardj\zf1-future\library\Zend\Application.php(400): MUtil_Application_Escort->run()
#25 D:\data\www\lib\gemstracker\r191\trunk\vendor\gemstracker\gemstracker\pre_bootstrap.php(56): Zend_Application->run()
#26 D:\data\www\html\knoond\index.php(113): require('D:\\data\\www\\lib...')
#27 {main}
2024-05-16T15:10:57+02:00 ERR (3): Mysqli statement execute error : Incorrect decimal value: 'NA' for column '131838X644X13043' at row 1
#0 D:\data\www\lib\gemstracker\r191\trunk\vendor\shardj\zf1-future\library\Zend\Db\Statement.php(303): Zend_Db_Statement_Mysqli->_execute()
#1 D:\data\www\lib\gemstracker\r191\trunk\vendor\shardj\zf1-future\library\Zend\Db\Adapter\Abstract.php(480): Zend_Db_Statement->execute()
#2 D:\data\www\lib\gemstracker\r191\trunk\vendor\shardj\zf1-future\library\Zend\Db\Adapter\Abstract.php(577): Zend_Db_Adapter_Abstract->query()
#3 D:\data\www\lib\gemstracker\r191\trunk\vendor\gemstracker\gemstracker\classes\Gems\Tracker\Source\LimeSurvey1m9Database.php(1495): Zend_Db_Adapter_Abstract->insert()
#4 D:\data\www\lib\gemstracker\r191\trunk\vendor\gemstracker\gemstracker\classes\Gems\Tracker\Token.php(2009): Gems_Tracker_Source_LimeSurvey1m9Database->setRawTokenAnswers()
#5 D:\data\www\lib\gemstracker\r191\trunk\vendor\gemstracker\gemstracker\classes\Gems\Task\Import\SaveAnswerTask.php(208): Gems_Tracker_Token->setRawAnswers()
#6 D:\data\www\lib\gemstracker\r191\trunk\vendor\magnafacta\mutil\src\MUtil\Task\TaskBatch.php(170): Gems_Task_Import_SaveAnswerTask->execute()
#7 D:\data\www\lib\gemstracker\r191\trunk\vendor\magnafacta\mutil\src\MUtil\Batch\BatchAbstract.php(1331): MUtil_Task_TaskBatch->runTask()
#8 D:\data\www\lib\gemstracker\r191\trunk\vendor\magnafacta\mutil\src\MUtil\Batch\BatchAbstract.php(1003): MUtil_Batch_BatchAbstract->step()
#9 D:\data\www\lib\gemstracker\r191\trunk\vendor\magnafacta\mutil\src\MUtil\Snippets\Standard\ModelImportSnippet.php(372): MUtil_Batch_BatchAbstract->run()
#10 D:\data\www\lib\gemstracker\r191\trunk\vendor\magnafacta\mutil\src\MUtil\Snippets\Standard\ModelImportSnippet.php(439): MUtil_Snippets_Standard_ModelImportSnippet->addStep5()
#11 D:\data\www\lib\gemstracker\r191\trunk\vendor\magnafacta\mutil\src\MUtil\Snippets\WizardFormSnippetAbstract.php(258): MUtil_Snippets_Standard_ModelImportSnippet->addStepElementsFor()
#12 D:\data\www\lib\gemstracker\r191\trunk\vendor\gemstracker\gemstracker\classes\Gems\Snippets\Survey\AnswerImportSnippet.php(215): MUtil_Snippets_WizardFormSnippetAbstract->addFormElementsFor()
#13 D:\data\www\lib\gemstracker\r191\trunk\vendor\magnafacta\mutil\src\MUtil\Snippets\WizardFormSnippetAbstract.php(493): Gems_Snippets_Survey_AnswerImportSnippet->getFormFor()
#14 D:\data\www\lib\gemstracker\r191\trunk\vendor\magnafacta\mutil\src\MUtil\Snippets\WizardFormSnippetAbstract.php(538): MUtil_Snippets_WizardFormSnippetAbstract->loadFormFor()
#15 D:\data\www\lib\gemstracker\r191\trunk\vendor\magnafacta\mutil\src\MUtil\Snippets\ModelFormSnippetAbstract.php(446): MUtil_Snippets_WizardFormSnippetAbstract->processForm()
#16 D:\data\www\lib\gemstracker\r191\trunk\vendor\magnafacta\mutil\src\MUtil\Snippets\Standard\ModelImportSnippet.php(910): MUtil_Snippets_ModelFormSnippetAbstract->hasHtmlOutput()
#17 D:\data\www\lib\gemstracker\r191\trunk\vendor\magnafacta\mutil\src\MUtil\Controller\Action.php(204): MUtil_Snippets_Standard_ModelImportSnippet->hasHtmlOutput()
#18 D:\data\www\lib\gemstracker\r191\trunk\vendor\gemstracker\gemstracker\classes\Gems\Default\FileImportAction.php(47): MUtil_Controller_Action->addSnippets()
#19 D:\data\www\lib\gemstracker\r191\trunk\vendor\shardj\zf1-future\library\Zend\Controller\Action.php(516): Gems_Default_FileImportAction->answersImportAction()
#20 D:\data\www\lib\gemstracker\r191\trunk\vendor\shardj\zf1-future\library\Zend\Controller\Dispatcher\Standard.php(308): Zend_Controller_Action->dispatch()
#21 D:\data\www\lib\gemstracker\r191\trunk\vendor\shardj\zf1-future\library\Zend\Controller\Front.php(954): Zend_Controller_Dispatcher_Standard->dispatch()
#22 D:\data\www\lib\gemstracker\r191\trunk\vendor\shardj\zf1-future\library\Zend\Application\Bootstrap\Bootstrap.php(105): Zend_Controller_Front->dispatch()
#23 D:\data\www\lib\gemstracker\r191\trunk\vendor\magnafacta\mutil\src\MUtil\Application\Escort.php(409): Zend_Application_Bootstrap_Bootstrap->run()
#24 D:\data\www\lib\gemstracker\r191\trunk\vendor\shardj\zf1-future\library\Zend\Application.php(400): MUtil_Application_Escort->run()
#25 D:\data\www\lib\gemstracker\r191\trunk\vendor\gemstracker\gemstracker\pre_bootstrap.php(56): Zend_Application->run()
#26 D:\data\www\html\knoond\index.php(113): require('D:\\data\\www\\lib...')
#27 {main}
2024-05-16T15:32:31+02:00 ERR (3): Mysqli statement execute error : Incorrect decimal value: '<30' for column '131838X644X13073' at row 1
#0 D:\data\www\lib\gemstracker\r191\trunk\vendor\shardj\zf1-future\library\Zend\Db\Statement.php(303): Zend_Db_Statement_Mysqli->_execute()
#1 D:\data\www\lib\gemstracker\r191\trunk\vendor\shardj\zf1-future\library\Zend\Db\Adapter\Abstract.php(480): Zend_Db_Statement->execute()
#2 D:\data\www\lib\gemstracker\r191\trunk\vendor\shardj\zf1-future\library\Zend\Db\Adapter\Abstract.php(577): Zend_Db_Adapter_Abstract->query()
#3 D:\data\www\lib\gemstracker\r191\trunk\vendor\gemstracker\gemstracker\classes\Gems\Tracker\Source\LimeSurvey1m9Database.php(1495): Zend_Db_Adapter_Abstract->insert()
#4 D:\data\www\lib\gemstracker\r191\trunk\vendor\gemstracker\gemstracker\classes\Gems\Tracker\Token.php(2009): Gems_Tracker_Source_LimeSurvey1m9Database->setRawTokenAnswers()
#5 D:\data\www\lib\gemstracker\r191\trunk\vendor\gemstracker\gemstracker\classes\Gems\Task\Import\SaveAnswerTask.php(208): Gems_Tracker_Token->setRawAnswers()
#6 D:\data\www\lib\gemstracker\r191\trunk\vendor\magnafacta\mutil\src\MUtil\Task\TaskBatch.php(170): Gems_Task_Import_SaveAnswerTask->execute()
#7 D:\data\www\lib\gemstracker\r191\trunk\vendor\magnafacta\mutil\src\MUtil\Batch\BatchAbstract.php(1331): MUtil_Task_TaskBatch->runTask()
#8 D:\data\www\lib\gemstracker\r191\trunk\vendor\magnafacta\mutil\src\MUtil\Batch\BatchAbstract.php(1003): MUtil_Batch_BatchAbstract->step()
#9 D:\data\www\lib\gemstracker\r191\trunk\vendor\magnafacta\mutil\src\MUtil\Snippets\Standard\ModelImportSnippet.php(372): MUtil_Batch_BatchAbstract->run()
#10 D:\data\www\lib\gemstracker\r191\trunk\vendor\magnafacta\mutil\src\MUtil\Snippets\Standard\ModelImportSnippet.php(439): MUtil_Snippets_Standard_ModelImportSnippet->addStep5()
#11 D:\data\www\lib\gemstracker\r191\trunk\vendor\magnafacta\mutil\src\MUtil\Snippets\WizardFormSnippetAbstract.php(258): MUtil_Snippets_Standard_ModelImportSnippet->addStepElementsFor()
#12 D:\data\www\lib\gemstracker\r191\trunk\vendor\gemstracker\gemstracker\classes\Gems\Snippets\Survey\AnswerImportSnippet.php(215): MUtil_Snippets_WizardFormSnippetAbstract->addFormElementsFor()
#13 D:\data\www\lib\gemstracker\r191\trunk\vendor\magnafacta\mutil\src\MUtil\Snippets\WizardFormSnippetAbstract.php(493): Gems_Snippets_Survey_AnswerImportSnippet->getFormFor()
#14 D:\data\www\lib\gemstracker\r191\trunk\vendor\magnafacta\mutil\src\MUtil\Snippets\WizardFormSnippetAbstract.php(538): MUtil_Snippets_WizardFormSnippetAbstract->loadFormFor()
#15 D:\data\www\lib\gemstracker\r191\trunk\vendor\magnafacta\mutil\src\MUtil\Snippets\ModelFormSnippetAbstract.php(446): MUtil_Snippets_WizardFormSnippetAbstract->processForm()
#16 D:\data\www\lib\gemstracker\r191\trunk\vendor\magnafacta\mutil\src\MUtil\Snippets\Standard\ModelImportSnippet.php(910): MUtil_Snippets_ModelFormSnippetAbstract->hasHtmlOutput()
#17 D:\data\www\lib\gemstracker\r191\trunk\vendor\magnafacta\mutil\src\MUtil\Controller\Action.php(204): MUtil_Snippets_Standard_ModelImportSnippet->hasHtmlOutput()
#18 D:\data\www\lib\gemstracker\r191\trunk\vendor\gemstracker\gemstracker\classes\Gems\Default\FileImportAction.php(47): MUtil_Controller_Action->addSnippets()
#19 D:\data\www\lib\gemstracker\r191\trunk\vendor\shardj\zf1-future\library\Zend\Controller\Action.php(516): Gems_Default_FileImportAction->answersImportAction()
#20 D:\data\www\lib\gemstracker\r191\trunk\vendor\shardj\zf1-future\library\Zend\Controller\Dispatcher\Standard.php(308): Zend_Controller_Action->dispatch()
#21 D:\data\www\lib\gemstracker\r191\trunk\vendor\shardj\zf1-future\library\Zend\Controller\Front.php(954): Zend_Controller_Dispatcher_Standard->dispatch()
#22 D:\data\www\lib\gemstracker\r191\trunk\vendor\shardj\zf1-future\library\Zend\Application\Bootstrap\Bootstrap.php(105): Zend_Controller_Front->dispatch()
#23 D:\data\www\lib\gemstracker\r191\trunk\vendor\magnafacta\mutil\src\MUtil\Application\Escort.php(409): Zend_Application_Bootstrap_Bootstrap->run()
#24 D:\data\www\lib\gemstracker\r191\trunk\vendor\shardj\zf1-future\library\Zend\Application.php(400): MUtil_Application_Escort->run()
#25 D:\data\www\lib\gemstracker\r191\trunk\vendor\gemstracker\gemstracker\pre_bootstrap.php(56): Zend_Application->run()
#26 D:\data\www\html\knoond\index.php(113): require('D:\\data\\www\\lib...')
#27 {main}
2024-06-06T14:28:22+02:00 ERR (3): Mysqli statement execute error : Incorrect decimal value: '5 positief rechts niet duidelijk welk level' for column '131838X644X13043' at row 1
#0 D:\data\www\lib\gemstracker\r191\trunk\vendor\shardj\zf1-future\library\Zend\Db\Statement.php(303): Zend_Db_Statement_Mysqli->_execute()
#1 D:\data\www\lib\gemstracker\r191\trunk\vendor\shardj\zf1-future\library\Zend\Db\Adapter\Abstract.php(480): Zend_Db_Statement->execute()
#2 D:\data\www\lib\gemstracker\r191\trunk\vendor\shardj\zf1-future\library\Zend\Db\Adapter\Abstract.php(577): Zend_Db_Adapter_Abstract->query()
#3 D:\data\www\lib\gemstracker\r191\trunk\vendor\gemstracker\gemstracker\classes\Gems\Tracker\Source\LimeSurvey1m9Database.php(1495): Zend_Db_Adapter_Abstract->insert()
#4 D:\data\www\lib\gemstracker\r191\trunk\vendor\gemstracker\gemstracker\classes\Gems\Tracker\Token.php(2009): Gems_Tracker_Source_LimeSurvey1m9Database->setRawTokenAnswers()
#5 D:\data\www\lib\gemstracker\r191\trunk\vendor\gemstracker\gemstracker\classes\Gems\Task\Import\SaveAnswerTask.php(208): Gems_Tracker_Token->setRawAnswers()
#6 D:\data\www\lib\gemstracker\r191\trunk\vendor\magnafacta\mutil\src\MUtil\Task\TaskBatch.php(170): Gems_Task_Import_SaveAnswerTask->execute()
#7 D:\data\www\lib\gemstracker\r191\trunk\vendor\magnafacta\mutil\src\MUtil\Batch\BatchAbstract.php(1331): MUtil_Task_TaskBatch->runTask()
#8 D:\data\www\lib\gemstracker\r191\trunk\vendor\magnafacta\mutil\src\MUtil\Batch\BatchAbstract.php(1003): MUtil_Batch_BatchAbstract->step()
#9 D:\data\www\lib\gemstracker\r191\trunk\vendor\magnafacta\mutil\src\MUtil\Snippets\Standard\ModelImportSnippet.php(372): MUtil_Batch_BatchAbstract->run()
#10 D:\data\www\lib\gemstracker\r191\trunk\vendor\magnafacta\mutil\src\MUtil\Snippets\Standard\ModelImportSnippet.php(439): MUtil_Snippets_Standard_ModelImportSnippet->addStep5()
#11 D:\data\www\lib\gemstracker\r191\trunk\vendor\magnafacta\mutil\src\MUtil\Snippets\WizardFormSnippetAbstract.php(258): MUtil_Snippets_Standard_ModelImportSnippet->addStepElementsFor()
#12 D:\data\www\lib\gemstracker\r191\trunk\vendor\gemstracker\gemstracker\classes\Gems\Snippets\Survey\AnswerImportSnippet.php(215): MUtil_Snippets_WizardFormSnippetAbstract->addFormElementsFor()
#13 D:\data\www\lib\gemstracker\r191\trunk\vendor\magnafacta\mutil\src\MUtil\Snippets\WizardFormSnippetAbstract.php(493): Gems_Snippets_Survey_AnswerImportSnippet->getFormFor()
#14 D:\data\www\lib\gemstracker\r191\trunk\vendor\magnafacta\mutil\src\MUtil\Snippets\WizardFormSnippetAbstract.php(538): MUtil_Snippets_WizardFormSnippetAbstract->loadFormFor()
#15 D:\data\www\lib\gemstracker\r191\trunk\vendor\magnafacta\mutil\src\MUtil\Snippets\ModelFormSnippetAbstract.php(446): MUtil_Snippets_WizardFormSnippetAbstract->processForm()
#16 D:\data\www\lib\gemstracker\r191\trunk\vendor\magnafacta\mutil\src\MUtil\Snippets\Standard\ModelImportSnippet.php(910): MUtil_Snippets_ModelFormSnippetAbstract->hasHtmlOutput()
#17 D:\data\www\lib\gemstracker\r191\trunk\vendor\magnafacta\mutil\src\MUtil\Controller\Action.php(204): MUtil_Snippets_Standard_ModelImportSnippet->hasHtmlOutput()
#18 D:\data\www\lib\gemstracker\r191\trunk\vendor\gemstracker\gemstracker\classes\Gems\Default\FileImportAction.php(47): MUtil_Controller_Action->addSnippets()
#19 D:\data\www\lib\gemstracker\r191\trunk\vendor\shardj\zf1-future\library\Zend\Controller\Action.php(516): Gems_Default_FileImportAction->answersImportAction()
#20 D:\data\www\lib\gemstracker\r191\trunk\vendor\shardj\zf1-future\library\Zend\Controller\Dispatcher\Standard.php(308): Zend_Controller_Action->dispatch()
#21 D:\data\www\lib\gemstracker\r191\trunk\vendor\shardj\zf1-future\library\Zend\Controller\Front.php(954): Zend_Controller_Dispatcher_Standard->dispatch()
#22 D:\data\www\lib\gemstracker\r191\trunk\vendor\shardj\zf1-future\library\Zend\Application\Bootstrap\Bootstrap.php(105): Zend_Controller_Front->dispatch()
#23 D:\data\www\lib\gemstracker\r191\trunk\vendor\magnafacta\mutil\src\MUtil\Application\Escort.php(409): Zend_Application_Bootstrap_Bootstrap->run()
#24 D:\data\www\lib\gemstracker\r191\trunk\vendor\shardj\zf1-future\library\Zend\Application.php(400): MUtil_Application_Escort->run()
#25 D:\data\www\lib\gemstracker\r191\trunk\vendor\gemstracker\gemstracker\pre_bootstrap.php(56): Zend_Application->run()
#26 D:\data\www\html\knoond\index.php(113): require('D:\\data\\www\\lib...')
#27 {main}
2024-07-10T13:04:10+02:00 ERR (3): Class:     Zend_Db_Statement_Mysqli_Exception
2024-07-10T13:04:10+02:00 ERR (3): Message:   Mysqli prepare error: Table 'knoonddb.ls__tokens_928283' doesn't exist
2024-07-10T13:04:10+02:00 ERR (3): Stack trace:
2024-07-10T13:04:10+02:00 ERR (3): #0 D:\data\www\lib\gemstracker\r191\trunk\vendor\shardj\zf1-future\library\Zend\Db\Statement.php(115): Zend_Db_Statement_Mysqli->_prepare()
#1 D:\data\www\lib\gemstracker\r191\trunk\vendor\shardj\zf1-future\library\Zend\Db\Adapter\Mysqli.php(388): Zend_Db_Statement->__construct()
#2 D:\data\www\lib\gemstracker\r191\trunk\vendor\shardj\zf1-future\library\Zend\Db\Adapter\Abstract.php(479): Zend_Db_Adapter_Mysqli->prepare()
#3 D:\data\www\lib\gemstracker\r191\trunk\vendor\shardj\zf1-future\library\Zend\Db\Adapter\Abstract.php(759): Zend_Db_Adapter_Abstract->query()
#4 D:\data\www\lib\gemstracker\r191\trunk\vendor\gemstracker\gemstracker\classes\Gems\Tracker\Source\LimeSurvey1m9Database.php(1331): Zend_Db_Adapter_Abstract->fetchRow()
#5 D:\data\www\lib\gemstracker\r191\trunk\vendor\gemstracker\gemstracker\classes\Gems\Tracker\Source\LimeSurvey1m9Database.php(1433): Gems_Tracker_Source_LimeSurvey1m9Database->getTokenInfo()
#6 D:\data\www\lib\gemstracker\r191\trunk\vendor\gemstracker\gemstracker\classes\Gems\Tracker\Survey.php(628): Gems_Tracker_Source_LimeSurvey1m9Database->inSource()
#7 D:\data\www\lib\gemstracker\r191\trunk\vendor\gemstracker\gemstracker\classes\Gems\Tracker\Token.php(2046): Gems_Tracker_Survey->inSource()
#8 D:\data\www\lib\gemstracker\r191\trunk\vendor\gemstracker\gemstracker\classes\Gems\Tracker\RespondentTrack.php(1662): Gems_Tracker_Token->setReceptionCode()
#9 D:\data\www\lib\gemstracker\r191\trunk\vendor\gemstracker\gemstracker\classes\Gems\Snippets\Tracker\DeleteTrackSnippet.php(185): Gems_Tracker_RespondentTrack->setReceptionCode()
#10 D:\data\www\lib\gemstracker\r191\trunk\vendor\gemstracker\gemstracker\classes\Gems\Snippets\ReceptionCode\ChangeReceptionCodeSnippetAbstract.php(236): Gems\Snippets\Tracker\DeleteTrackSnippet->setReceptionCode()
#11 D:\data\www\lib\gemstracker\r191\trunk\vendor\magnafacta\mutil\src\MUtil\Snippets\ModelFormSnippetAbstract.php(589): Gems\Snippets\ReceptionCode\ChangeReceptionCodeSnippetAbstract->saveData()
#12 D:\data\www\lib\gemstracker\r191\trunk\vendor\magnafacta\mutil\src\MUtil\Snippets\ModelFormSnippetAbstract.php(446): MUtil_Snippets_ModelFormSnippetAbstract->processForm()
#13 D:\data\www\lib\gemstracker\r191\trunk\vendor\magnafacta\mutil\src\MUtil\Controller\Action.php(204): MUtil_Snippets_ModelFormSnippetAbstract->hasHtmlOutput()
#14 D:\data\www\lib\gemstracker\r191\trunk\vendor\gemstracker\gemstracker\classes\Gems\Default\TrackAction.php(695): MUtil_Controller_Action->addSnippets()
#15 D:\data\www\lib\gemstracker\r191\trunk\vendor\shardj\zf1-future\library\Zend\Controller\Action.php(516): Gems_Default_TrackAction->deleteTrackAction()
#16 D:\data\www\lib\gemstracker\r191\trunk\vendor\shardj\zf1-future\library\Zend\Controller\Dispatcher\Standard.php(308): Zend_Controller_Action->dispatch()
#17 D:\data\www\lib\gemstracker\r191\trunk\vendor\shardj\zf1-future\library\Zend\Controller\Front.php(954): Zend_Controller_Dispatcher_Standard->dispatch()
#18 D:\data\www\lib\gemstracker\r191\trunk\vendor\shardj\zf1-future\library\Zend\Application\Bootstrap\Bootstrap.php(105): Zend_Controller_Front->dispatch()
#19 D:\data\www\lib\gemstracker\r191\trunk\vendor\magnafacta\mutil\src\MUtil\Application\Escort.php(409): Zend_Application_Bootstrap_Bootstrap->run()
#20 D:\data\www\lib\gemstracker\r191\trunk\vendor\shardj\zf1-future\library\Zend\Application.php(400): MUtil_Application_Escort->run()
#21 D:\data\www\lib\gemstracker\r191\trunk\vendor\gemstracker\gemstracker\pre_bootstrap.php(56): Zend_Application->run()
#22 D:\data\www\html\knoond\index.php(113): require('D:\\data\\www\\lib...')
#23 {main}
2024-07-10T13:04:10+02:00 ERR (3): Class:     Zend_Db_Statement_Mysqli_Exception
2024-07-10T13:04:10+02:00 ERR (3): Message:   Mysqli prepare error: Table 'knoonddb.ls__tokens_928283' doesn't exist
2024-07-10T13:04:10+02:00 ERR (3): Stack trace:
2024-07-10T13:04:10+02:00 ERR (3): #0 D:\data\www\lib\gemstracker\r191\trunk\vendor\shardj\zf1-future\library\Zend\Db\Statement.php(115): Zend_Db_Statement_Mysqli->_prepare()
#1 D:\data\www\lib\gemstracker\r191\trunk\vendor\shardj\zf1-future\library\Zend\Db\Adapter\Mysqli.php(388): Zend_Db_Statement->__construct()
#2 D:\data\www\lib\gemstracker\r191\trunk\vendor\shardj\zf1-future\library\Zend\Db\Adapter\Abstract.php(479): Zend_Db_Adapter_Mysqli->prepare()
#3 D:\data\www\lib\gemstracker\r191\trunk\vendor\shardj\zf1-future\library\Zend\Db\Adapter\Abstract.php(759): Zend_Db_Adapter_Abstract->query()
#4 D:\data\www\lib\gemstracker\r191\trunk\vendor\gemstracker\gemstracker\classes\Gems\Tracker\Source\LimeSurvey1m9Database.php(1331): Zend_Db_Adapter_Abstract->fetchRow()
#5 D:\data\www\lib\gemstracker\r191\trunk\vendor\gemstracker\gemstracker\classes\Gems\Tracker\Source\LimeSurvey1m9Database.php(1433): Gems_Tracker_Source_LimeSurvey1m9Database->getTokenInfo()
#6 D:\data\www\lib\gemstracker\r191\trunk\vendor\gemstracker\gemstracker\classes\Gems\Tracker\Survey.php(628): Gems_Tracker_Source_LimeSurvey1m9Database->inSource()
#7 D:\data\www\lib\gemstracker\r191\trunk\vendor\gemstracker\gemstracker\classes\Gems\Tracker\Token.php(2046): Gems_Tracker_Survey->inSource()
#8 D:\data\www\lib\gemstracker\r191\trunk\vendor\gemstracker\gemstracker\classes\Gems\Tracker\RespondentTrack.php(1662): Gems_Tracker_Token->setReceptionCode()
#9 D:\data\www\lib\gemstracker\r191\trunk\vendor\gemstracker\gemstracker\classes\Gems\Snippets\Tracker\DeleteTrackSnippet.php(185): Gems_Tracker_RespondentTrack->setReceptionCode()
#10 D:\data\www\lib\gemstracker\r191\trunk\vendor\gemstracker\gemstracker\classes\Gems\Snippets\ReceptionCode\ChangeReceptionCodeSnippetAbstract.php(236): Gems\Snippets\Tracker\DeleteTrackSnippet->setReceptionCode()
#11 D:\data\www\lib\gemstracker\r191\trunk\vendor\magnafacta\mutil\src\MUtil\Snippets\ModelFormSnippetAbstract.php(589): Gems\Snippets\ReceptionCode\ChangeReceptionCodeSnippetAbstract->saveData()
#12 D:\data\www\lib\gemstracker\r191\trunk\vendor\magnafacta\mutil\src\MUtil\Snippets\ModelFormSnippetAbstract.php(446): MUtil_Snippets_ModelFormSnippetAbstract->processForm()
#13 D:\data\www\lib\gemstracker\r191\trunk\vendor\magnafacta\mutil\src\MUtil\Controller\Action.php(204): MUtil_Snippets_ModelFormSnippetAbstract->hasHtmlOutput()
#14 D:\data\www\lib\gemstracker\r191\trunk\vendor\gemstracker\gemstracker\classes\Gems\Default\TrackAction.php(695): MUtil_Controller_Action->addSnippets()
#15 D:\data\www\lib\gemstracker\r191\trunk\vendor\shardj\zf1-future\library\Zend\Controller\Action.php(516): Gems_Default_TrackAction->deleteTrackAction()
#16 D:\data\www\lib\gemstracker\r191\trunk\vendor\shardj\zf1-future\library\Zend\Controller\Dispatcher\Standard.php(308): Zend_Controller_Action->dispatch()
#17 D:\data\www\lib\gemstracker\r191\trunk\vendor\shardj\zf1-future\library\Zend\Controller\Front.php(954): Zend_Controller_Dispatcher_Standard->dispatch()
#18 D:\data\www\lib\gemstracker\r191\trunk\vendor\shardj\zf1-future\library\Zend\Application\Bootstrap\Bootstrap.php(105): Zend_Controller_Front->dispatch()
#19 D:\data\www\lib\gemstracker\r191\trunk\vendor\magnafacta\mutil\src\MUtil\Application\Escort.php(409): Zend_Application_Bootstrap_Bootstrap->run()
#20 D:\data\www\lib\gemstracker\r191\trunk\vendor\shardj\zf1-future\library\Zend\Application.php(400): MUtil_Application_Escort->run()
#21 D:\data\www\lib\gemstracker\r191\trunk\vendor\gemstracker\gemstracker\pre_bootstrap.php(56): Zend_Application->run()
#22 D:\data\www\html\knoond\index.php(113): require('D:\\data\\www\\lib...')
#23 {main}
2024-07-10T13:04:10+02:00 ERR (3): Class:     Zend_Db_Statement_Mysqli_Exception
2024-07-10T13:04:10+02:00 ERR (3): Message:   Mysqli prepare error: Table 'knoonddb.ls__tokens_928283' doesn't exist
2024-07-10T13:04:10+02:00 ERR (3): Stack trace:
2024-07-10T13:04:10+02:00 ERR (3): #0 D:\data\www\lib\gemstracker\r191\trunk\vendor\shardj\zf1-future\library\Zend\Db\Statement.php(115): Zend_Db_Statement_Mysqli->_prepare()
#1 D:\data\www\lib\gemstracker\r191\trunk\vendor\shardj\zf1-future\library\Zend\Db\Adapter\Mysqli.php(388): Zend_Db_Statement->__construct()
#2 D:\data\www\lib\gemstracker\r191\trunk\vendor\shardj\zf1-future\library\Zend\Db\Adapter\Abstract.php(479): Zend_Db_Adapter_Mysqli->prepare()
#3 D:\data\www\lib\gemstracker\r191\trunk\vendor\shardj\zf1-future\library\Zend\Db\Adapter\Abstract.php(759): Zend_Db_Adapter_Abstract->query()
#4 D:\data\www\lib\gemstracker\r191\trunk\vendor\gemstracker\gemstracker\classes\Gems\Tracker\Source\LimeSurvey1m9Database.php(1331): Zend_Db_Adapter_Abstract->fetchRow()
#5 D:\data\www\lib\gemstracker\r191\trunk\vendor\gemstracker\gemstracker\classes\Gems\Tracker\Source\LimeSurvey1m9Database.php(1433): Gems_Tracker_Source_LimeSurvey1m9Database->getTokenInfo()
#6 D:\data\www\lib\gemstracker\r191\trunk\vendor\gemstracker\gemstracker\classes\Gems\Tracker\Survey.php(628): Gems_Tracker_Source_LimeSurvey1m9Database->inSource()
#7 D:\data\www\lib\gemstracker\r191\trunk\vendor\gemstracker\gemstracker\classes\Gems\Tracker\Token.php(2046): Gems_Tracker_Survey->inSource()
#8 D:\data\www\lib\gemstracker\r191\trunk\vendor\gemstracker\gemstracker\classes\Gems\Tracker\RespondentTrack.php(1662): Gems_Tracker_Token->setReceptionCode()
#9 D:\data\www\lib\gemstracker\r191\trunk\vendor\gemstracker\gemstracker\classes\Gems\Snippets\Tracker\DeleteTrackSnippet.php(185): Gems_Tracker_RespondentTrack->setReceptionCode()
#10 D:\data\www\lib\gemstracker\r191\trunk\vendor\gemstracker\gemstracker\classes\Gems\Snippets\ReceptionCode\ChangeReceptionCodeSnippetAbstract.php(236): Gems\Snippets\Tracker\DeleteTrackSnippet->setReceptionCode()
#11 D:\data\www\lib\gemstracker\r191\trunk\vendor\magnafacta\mutil\src\MUtil\Snippets\ModelFormSnippetAbstract.php(589): Gems\Snippets\ReceptionCode\ChangeReceptionCodeSnippetAbstract->saveData()
#12 D:\data\www\lib\gemstracker\r191\trunk\vendor\magnafacta\mutil\src\MUtil\Snippets\ModelFormSnippetAbstract.php(446): MUtil_Snippets_ModelFormSnippetAbstract->processForm()
#13 D:\data\www\lib\gemstracker\r191\trunk\vendor\magnafacta\mutil\src\MUtil\Controller\Action.php(204): MUtil_Snippets_ModelFormSnippetAbstract->hasHtmlOutput()
#14 D:\data\www\lib\gemstracker\r191\trunk\vendor\gemstracker\gemstracker\classes\Gems\Default\TrackAction.php(695): MUtil_Controller_Action->addSnippets()
#15 D:\data\www\lib\gemstracker\r191\trunk\vendor\shardj\zf1-future\library\Zend\Controller\Action.php(516): Gems_Default_TrackAction->deleteTrackAction()
#16 D:\data\www\lib\gemstracker\r191\trunk\vendor\shardj\zf1-future\library\Zend\Controller\Dispatcher\Standard.php(308): Zend_Controller_Action->dispatch()
#17 D:\data\www\lib\gemstracker\r191\trunk\vendor\shardj\zf1-future\library\Zend\Controller\Front.php(954): Zend_Controller_Dispatcher_Standard->dispatch()
#18 D:\data\www\lib\gemstracker\r191\trunk\vendor\shardj\zf1-future\library\Zend\Application\Bootstrap\Bootstrap.php(105): Zend_Controller_Front->dispatch()
#19 D:\data\www\lib\gemstracker\r191\trunk\vendor\magnafacta\mutil\src\MUtil\Application\Escort.php(409): Zend_Application_Bootstrap_Bootstrap->run()
#20 D:\data\www\lib\gemstracker\r191\trunk\vendor\shardj\zf1-future\library\Zend\Application.php(400): MUtil_Application_Escort->run()
#21 D:\data\www\lib\gemstracker\r191\trunk\vendor\gemstracker\gemstracker\pre_bootstrap.php(56): Zend_Application->run()
#22 D:\data\www\html\knoond\index.php(113): require('D:\\data\\www\\lib...')
#23 {main}
2024-07-10T13:04:10+02:00 ERR (3): Class:     Zend_Db_Statement_Mysqli_Exception
2024-07-10T13:04:10+02:00 ERR (3): Message:   Mysqli prepare error: Table 'knoonddb.ls__tokens_928283' doesn't exist
2024-07-10T13:04:10+02:00 ERR (3): Stack trace:
2024-07-10T13:04:10+02:00 ERR (3): #0 D:\data\www\lib\gemstracker\r191\trunk\vendor\shardj\zf1-future\library\Zend\Db\Statement.php(115): Zend_Db_Statement_Mysqli->_prepare()
#1 D:\data\www\lib\gemstracker\r191\trunk\vendor\shardj\zf1-future\library\Zend\Db\Adapter\Mysqli.php(388): Zend_Db_Statement->__construct()
#2 D:\data\www\lib\gemstracker\r191\trunk\vendor\shardj\zf1-future\library\Zend\Db\Adapter\Abstract.php(479): Zend_Db_Adapter_Mysqli->prepare()
#3 D:\data\www\lib\gemstracker\r191\trunk\vendor\shardj\zf1-future\library\Zend\Db\Adapter\Abstract.php(759): Zend_Db_Adapter_Abstract->query()
#4 D:\data\www\lib\gemstracker\r191\trunk\vendor\gemstracker\gemstracker\classes\Gems\Tracker\Source\LimeSurvey1m9Database.php(1331): Zend_Db_Adapter_Abstract->fetchRow()
#5 D:\data\www\lib\gemstracker\r191\trunk\vendor\gemstracker\gemstracker\classes\Gems\Tracker\Source\LimeSurvey1m9Database.php(1433): Gems_Tracker_Source_LimeSurvey1m9Database->getTokenInfo()
#6 D:\data\www\lib\gemstracker\r191\trunk\vendor\gemstracker\gemstracker\classes\Gems\Tracker\Survey.php(628): Gems_Tracker_Source_LimeSurvey1m9Database->inSource()
#7 D:\data\www\lib\gemstracker\r191\trunk\vendor\gemstracker\gemstracker\classes\Gems\Tracker\Token.php(2046): Gems_Tracker_Survey->inSource()
#8 D:\data\www\lib\gemstracker\r191\trunk\vendor\gemstracker\gemstracker\classes\Gems\Tracker\RespondentTrack.php(1662): Gems_Tracker_Token->setReceptionCode()
#9 D:\data\www\lib\gemstracker\r191\trunk\vendor\gemstracker\gemstracker\classes\Gems\Snippets\Tracker\DeleteTrackSnippet.php(185): Gems_Tracker_RespondentTrack->setReceptionCode()
#10 D:\data\www\lib\gemstracker\r191\trunk\vendor\gemstracker\gemstracker\classes\Gems\Snippets\ReceptionCode\ChangeReceptionCodeSnippetAbstract.php(236): Gems\Snippets\Tracker\DeleteTrackSnippet->setReceptionCode()
#11 D:\data\www\lib\gemstracker\r191\trunk\vendor\magnafacta\mutil\src\MUtil\Snippets\ModelFormSnippetAbstract.php(589): Gems\Snippets\ReceptionCode\ChangeReceptionCodeSnippetAbstract->saveData()
#12 D:\data\www\lib\gemstracker\r191\trunk\vendor\magnafacta\mutil\src\MUtil\Snippets\ModelFormSnippetAbstract.php(446): MUtil_Snippets_ModelFormSnippetAbstract->processForm()
#13 D:\data\www\lib\gemstracker\r191\trunk\vendor\magnafacta\mutil\src\MUtil\Controller\Action.php(204): MUtil_Snippets_ModelFormSnippetAbstract->hasHtmlOutput()
#14 D:\data\www\lib\gemstracker\r191\trunk\vendor\gemstracker\gemstracker\classes\Gems\Default\TrackAction.php(695): MUtil_Controller_Action->addSnippets()
#15 D:\data\www\lib\gemstracker\r191\trunk\vendor\shardj\zf1-future\library\Zend\Controller\Action.php(516): Gems_Default_TrackAction->deleteTrackAction()
#16 D:\data\www\lib\gemstracker\r191\trunk\vendor\shardj\zf1-future\library\Zend\Controller\Dispatcher\Standard.php(308): Zend_Controller_Action->dispatch()
#17 D:\data\www\lib\gemstracker\r191\trunk\vendor\shardj\zf1-future\library\Zend\Controller\Front.php(954): Zend_Controller_Dispatcher_Standard->dispatch()
#18 D:\data\www\lib\gemstracker\r191\trunk\vendor\shardj\zf1-future\library\Zend\Application\Bootstrap\Bootstrap.php(105): Zend_Controller_Front->dispatch()
#19 D:\data\www\lib\gemstracker\r191\trunk\vendor\magnafacta\mutil\src\MUtil\Application\Escort.php(409): Zend_Application_Bootstrap_Bootstrap->run()
#20 D:\data\www\lib\gemstracker\r191\trunk\vendor\shardj\zf1-future\library\Zend\Application.php(400): MUtil_Application_Escort->run()
#21 D:\data\www\lib\gemstracker\r191\trunk\vendor\gemstracker\gemstracker\pre_bootstrap.php(56): Zend_Application->run()
#22 D:\data\www\html\knoond\index.php(113): require('D:\\data\\www\\lib...')
#23 {main}
2024-07-10T13:04:10+02:00 ERR (3): Class:     Zend_Db_Statement_Mysqli_Exception
2024-07-10T13:04:10+02:00 ERR (3): Message:   Mysqli prepare error: Table 'knoonddb.ls__tokens_928283' doesn't exist
2024-07-10T13:04:10+02:00 ERR (3): Stack trace:
2024-07-10T13:04:10+02:00 ERR (3): #0 D:\data\www\lib\gemstracker\r191\trunk\vendor\shardj\zf1-future\library\Zend\Db\Statement.php(115): Zend_Db_Statement_Mysqli->_prepare()
#1 D:\data\www\lib\gemstracker\r191\trunk\vendor\shardj\zf1-future\library\Zend\Db\Adapter\Mysqli.php(388): Zend_Db_Statement->__construct()
#2 D:\data\www\lib\gemstracker\r191\trunk\vendor\shardj\zf1-future\library\Zend\Db\Adapter\Abstract.php(479): Zend_Db_Adapter_Mysqli->prepare()
#3 D:\data\www\lib\gemstracker\r191\trunk\vendor\shardj\zf1-future\library\Zend\Db\Adapter\Abstract.php(759): Zend_Db_Adapter_Abstract->query()
#4 D:\data\www\lib\gemstracker\r191\trunk\vendor\gemstracker\gemstracker\classes\Gems\Tracker\Source\LimeSurvey1m9Database.php(1331): Zend_Db_Adapter_Abstract->fetchRow()
#5 D:\data\www\lib\gemstracker\r191\trunk\vendor\gemstracker\gemstracker\classes\Gems\Tracker\Source\LimeSurvey1m9Database.php(1433): Gems_Tracker_Source_LimeSurvey1m9Database->getTokenInfo()
#6 D:\data\www\lib\gemstracker\r191\trunk\vendor\gemstracker\gemstracker\classes\Gems\Tracker\Survey.php(628): Gems_Tracker_Source_LimeSurvey1m9Database->inSource()
#7 D:\data\www\lib\gemstracker\r191\trunk\vendor\gemstracker\gemstracker\classes\Gems\Tracker\Token.php(2046): Gems_Tracker_Survey->inSource()
#8 D:\data\www\lib\gemstracker\r191\trunk\vendor\gemstracker\gemstracker\classes\Gems\Tracker\RespondentTrack.php(1662): Gems_Tracker_Token->setReceptionCode()
#9 D:\data\www\lib\gemstracker\r191\trunk\vendor\gemstracker\gemstracker\classes\Gems\Snippets\Tracker\DeleteTrackSnippet.php(185): Gems_Tracker_RespondentTrack->setReceptionCode()
#10 D:\data\www\lib\gemstracker\r191\trunk\vendor\gemstracker\gemstracker\classes\Gems\Snippets\ReceptionCode\ChangeReceptionCodeSnippetAbstract.php(236): Gems\Snippets\Tracker\DeleteTrackSnippet->setReceptionCode()
#11 D:\data\www\lib\gemstracker\r191\trunk\vendor\magnafacta\mutil\src\MUtil\Snippets\ModelFormSnippetAbstract.php(589): Gems\Snippets\ReceptionCode\ChangeReceptionCodeSnippetAbstract->saveData()
#12 D:\data\www\lib\gemstracker\r191\trunk\vendor\magnafacta\mutil\src\MUtil\Snippets\ModelFormSnippetAbstract.php(446): MUtil_Snippets_ModelFormSnippetAbstract->processForm()
#13 D:\data\www\lib\gemstracker\r191\trunk\vendor\magnafacta\mutil\src\MUtil\Controller\Action.php(204): MUtil_Snippets_ModelFormSnippetAbstract->hasHtmlOutput()
#14 D:\data\www\lib\gemstracker\r191\trunk\vendor\gemstracker\gemstracker\classes\Gems\Default\TrackAction.php(695): MUtil_Controller_Action->addSnippets()
#15 D:\data\www\lib\gemstracker\r191\trunk\vendor\shardj\zf1-future\library\Zend\Controller\Action.php(516): Gems_Default_TrackAction->deleteTrackAction()
#16 D:\data\www\lib\gemstracker\r191\trunk\vendor\shardj\zf1-future\library\Zend\Controller\Dispatcher\Standard.php(308): Zend_Controller_Action->dispatch()
#17 D:\data\www\lib\gemstracker\r191\trunk\vendor\shardj\zf1-future\library\Zend\Controller\Front.php(954): Zend_Controller_Dispatcher_Standard->dispatch()
#18 D:\data\www\lib\gemstracker\r191\trunk\vendor\shardj\zf1-future\library\Zend\Application\Bootstrap\Bootstrap.php(105): Zend_Controller_Front->dispatch()
#19 D:\data\www\lib\gemstracker\r191\trunk\vendor\magnafacta\mutil\src\MUtil\Application\Escort.php(409): Zend_Application_Bootstrap_Bootstrap->run()
#20 D:\data\www\lib\gemstracker\r191\trunk\vendor\shardj\zf1-future\library\Zend\Application.php(400): MUtil_Application_Escort->run()
#21 D:\data\www\lib\gemstracker\r191\trunk\vendor\gemstracker\gemstracker\pre_bootstrap.php(56): Zend_Application->run()
#22 D:\data\www\html\knoond\index.php(113): require('D:\\data\\www\\lib...')
#23 {main}
2024-07-10T13:04:10+02:00 ERR (3): Class:     Zend_Db_Statement_Mysqli_Exception
2024-07-10T13:04:10+02:00 ERR (3): Message:   Mysqli prepare error: Table 'knoonddb.ls__tokens_928283' doesn't exist
2024-07-10T13:04:10+02:00 ERR (3): Stack trace:
2024-07-10T13:04:10+02:00 ERR (3): #0 D:\data\www\lib\gemstracker\r191\trunk\vendor\shardj\zf1-future\library\Zend\Db\Statement.php(115): Zend_Db_Statement_Mysqli->_prepare()
#1 D:\data\www\lib\gemstracker\r191\trunk\vendor\shardj\zf1-future\library\Zend\Db\Adapter\Mysqli.php(388): Zend_Db_Statement->__construct()
#2 D:\data\www\lib\gemstracker\r191\trunk\vendor\shardj\zf1-future\library\Zend\Db\Adapter\Abstract.php(479): Zend_Db_Adapter_Mysqli->prepare()
#3 D:\data\www\lib\gemstracker\r191\trunk\vendor\shardj\zf1-future\library\Zend\Db\Adapter\Abstract.php(759): Zend_Db_Adapter_Abstract->query()
#4 D:\data\www\lib\gemstracker\r191\trunk\vendor\gemstracker\gemstracker\classes\Gems\Tracker\Source\LimeSurvey1m9Database.php(1331): Zend_Db_Adapter_Abstract->fetchRow()
#5 D:\data\www\lib\gemstracker\r191\trunk\vendor\gemstracker\gemstracker\classes\Gems\Tracker\Source\LimeSurvey1m9Database.php(1433): Gems_Tracker_Source_LimeSurvey1m9Database->getTokenInfo()
#6 D:\data\www\lib\gemstracker\r191\trunk\vendor\gemstracker\gemstracker\classes\Gems\Tracker\Survey.php(628): Gems_Tracker_Source_LimeSurvey1m9Database->inSource()
#7 D:\data\www\lib\gemstracker\r191\trunk\vendor\gemstracker\gemstracker\classes\Gems\Tracker\Token.php(2046): Gems_Tracker_Survey->inSource()
#8 D:\data\www\lib\gemstracker\r191\trunk\vendor\gemstracker\gemstracker\classes\Gems\Tracker\RespondentTrack.php(1662): Gems_Tracker_Token->setReceptionCode()
#9 D:\data\www\lib\gemstracker\r191\trunk\vendor\gemstracker\gemstracker\classes\Gems\Snippets\Tracker\DeleteTrackSnippet.php(185): Gems_Tracker_RespondentTrack->setReceptionCode()
#10 D:\data\www\lib\gemstracker\r191\trunk\vendor\gemstracker\gemstracker\classes\Gems\Snippets\ReceptionCode\ChangeReceptionCodeSnippetAbstract.php(236): Gems\Snippets\Tracker\DeleteTrackSnippet->setReceptionCode()
#11 D:\data\www\lib\gemstracker\r191\trunk\vendor\magnafacta\mutil\src\MUtil\Snippets\ModelFormSnippetAbstract.php(589): Gems\Snippets\ReceptionCode\ChangeReceptionCodeSnippetAbstract->saveData()
#12 D:\data\www\lib\gemstracker\r191\trunk\vendor\magnafacta\mutil\src\MUtil\Snippets\ModelFormSnippetAbstract.php(446): MUtil_Snippets_ModelFormSnippetAbstract->processForm()
#13 D:\data\www\lib\gemstracker\r191\trunk\vendor\magnafacta\mutil\src\MUtil\Controller\Action.php(204): MUtil_Snippets_ModelFormSnippetAbstract->hasHtmlOutput()
#14 D:\data\www\lib\gemstracker\r191\trunk\vendor\gemstracker\gemstracker\classes\Gems\Default\TrackAction.php(695): MUtil_Controller_Action->addSnippets()
#15 D:\data\www\lib\gemstracker\r191\trunk\vendor\shardj\zf1-future\library\Zend\Controller\Action.php(516): Gems_Default_TrackAction->deleteTrackAction()
#16 D:\data\www\lib\gemstracker\r191\trunk\vendor\shardj\zf1-future\library\Zend\Controller\Dispatcher\Standard.php(308): Zend_Controller_Action->dispatch()
#17 D:\data\www\lib\gemstracker\r191\trunk\vendor\shardj\zf1-future\library\Zend\Controller\Front.php(954): Zend_Controller_Dispatcher_Standard->dispatch()
#18 D:\data\www\lib\gemstracker\r191\trunk\vendor\shardj\zf1-future\library\Zend\Application\Bootstrap\Bootstrap.php(105): Zend_Controller_Front->dispatch()
#19 D:\data\www\lib\gemstracker\r191\trunk\vendor\magnafacta\mutil\src\MUtil\Application\Escort.php(409): Zend_Application_Bootstrap_Bootstrap->run()
#20 D:\data\www\lib\gemstracker\r191\trunk\vendor\shardj\zf1-future\library\Zend\Application.php(400): MUtil_Application_Escort->run()
#21 D:\data\www\lib\gemstracker\r191\trunk\vendor\gemstracker\gemstracker\pre_bootstrap.php(56): Zend_Application->run()
#22 D:\data\www\html\knoond\index.php(113): require('D:\\data\\www\\lib...')
#23 {main}
2024-07-10T13:04:10+02:00 ERR (3): Class:     Zend_Db_Statement_Mysqli_Exception
2024-07-10T13:04:10+02:00 ERR (3): Message:   Mysqli prepare error: Table 'knoonddb.ls__tokens_928283' doesn't exist
2024-07-10T13:04:10+02:00 ERR (3): Stack trace:
2024-07-10T13:04:10+02:00 ERR (3): #0 D:\data\www\lib\gemstracker\r191\trunk\vendor\shardj\zf1-future\library\Zend\Db\Statement.php(115): Zend_Db_Statement_Mysqli->_prepare()
#1 D:\data\www\lib\gemstracker\r191\trunk\vendor\shardj\zf1-future\library\Zend\Db\Adapter\Mysqli.php(388): Zend_Db_Statement->__construct()
#2 D:\data\www\lib\gemstracker\r191\trunk\vendor\shardj\zf1-future\library\Zend\Db\Adapter\Abstract.php(479): Zend_Db_Adapter_Mysqli->prepare()
#3 D:\data\www\lib\gemstracker\r191\trunk\vendor\shardj\zf1-future\library\Zend\Db\Adapter\Abstract.php(759): Zend_Db_Adapter_Abstract->query()
#4 D:\data\www\lib\gemstracker\r191\trunk\vendor\gemstracker\gemstracker\classes\Gems\Tracker\Source\LimeSurvey1m9Database.php(1331): Zend_Db_Adapter_Abstract->fetchRow()
#5 D:\data\www\lib\gemstracker\r191\trunk\vendor\gemstracker\gemstracker\classes\Gems\Tracker\Source\LimeSurvey1m9Database.php(1433): Gems_Tracker_Source_LimeSurvey1m9Database->getTokenInfo()
#6 D:\data\www\lib\gemstracker\r191\trunk\vendor\gemstracker\gemstracker\classes\Gems\Tracker\Survey.php(628): Gems_Tracker_Source_LimeSurvey1m9Database->inSource()
#7 D:\data\www\lib\gemstracker\r191\trunk\vendor\gemstracker\gemstracker\classes\Gems\Tracker\Token.php(2046): Gems_Tracker_Survey->inSource()
#8 D:\data\www\lib\gemstracker\r191\trunk\vendor\gemstracker\gemstracker\classes\Gems\Tracker\RespondentTrack.php(1662): Gems_Tracker_Token->setReceptionCode()
#9 D:\data\www\lib\gemstracker\r191\trunk\vendor\gemstracker\gemstracker\classes\Gems\Snippets\Tracker\DeleteTrackSnippet.php(185): Gems_Tracker_RespondentTrack->setReceptionCode()
#10 D:\data\www\lib\gemstracker\r191\trunk\vendor\gemstracker\gemstracker\classes\Gems\Snippets\ReceptionCode\ChangeReceptionCodeSnippetAbstract.php(236): Gems\Snippets\Tracker\DeleteTrackSnippet->setReceptionCode()
#11 D:\data\www\lib\gemstracker\r191\trunk\vendor\magnafacta\mutil\src\MUtil\Snippets\ModelFormSnippetAbstract.php(589): Gems\Snippets\ReceptionCode\ChangeReceptionCodeSnippetAbstract->saveData()
#12 D:\data\www\lib\gemstracker\r191\trunk\vendor\magnafacta\mutil\src\MUtil\Snippets\ModelFormSnippetAbstract.php(446): MUtil_Snippets_ModelFormSnippetAbstract->processForm()
#13 D:\data\www\lib\gemstracker\r191\trunk\vendor\magnafacta\mutil\src\MUtil\Controller\Action.php(204): MUtil_Snippets_ModelFormSnippetAbstract->hasHtmlOutput()
#14 D:\data\www\lib\gemstracker\r191\trunk\vendor\gemstracker\gemstracker\classes\Gems\Default\TrackAction.php(695): MUtil_Controller_Action->addSnippets()
#15 D:\data\www\lib\gemstracker\r191\trunk\vendor\shardj\zf1-future\library\Zend\Controller\Action.php(516): Gems_Default_TrackAction->deleteTrackAction()
#16 D:\data\www\lib\gemstracker\r191\trunk\vendor\shardj\zf1-future\library\Zend\Controller\Dispatcher\Standard.php(308): Zend_Controller_Action->dispatch()
#17 D:\data\www\lib\gemstracker\r191\trunk\vendor\shardj\zf1-future\library\Zend\Controller\Front.php(954): Zend_Controller_Dispatcher_Standard->dispatch()
#18 D:\data\www\lib\gemstracker\r191\trunk\vendor\shardj\zf1-future\library\Zend\Application\Bootstrap\Bootstrap.php(105): Zend_Controller_Front->dispatch()
#19 D:\data\www\lib\gemstracker\r191\trunk\vendor\magnafacta\mutil\src\MUtil\Application\Escort.php(409): Zend_Application_Bootstrap_Bootstrap->run()
#20 D:\data\www\lib\gemstracker\r191\trunk\vendor\shardj\zf1-future\library\Zend\Application.php(400): MUtil_Application_Escort->run()
#21 D:\data\www\lib\gemstracker\r191\trunk\vendor\gemstracker\gemstracker\pre_bootstrap.php(56): Zend_Application->run()
#22 D:\data\www\html\knoond\index.php(113): require('D:\\data\\www\\lib...')
#23 {main}
2024-07-10T13:04:10+02:00 ERR (3): Class:     Zend_Db_Statement_Mysqli_Exception
2024-07-10T13:04:10+02:00 ERR (3): Message:   Mysqli prepare error: Table 'knoonddb.ls__tokens_928283' doesn't exist
2024-07-10T13:04:10+02:00 ERR (3): Stack trace:
2024-07-10T13:04:10+02:00 ERR (3): #0 D:\data\www\lib\gemstracker\r191\trunk\vendor\shardj\zf1-future\library\Zend\Db\Statement.php(115): Zend_Db_Statement_Mysqli->_prepare()
#1 D:\data\www\lib\gemstracker\r191\trunk\vendor\shardj\zf1-future\library\Zend\Db\Adapter\Mysqli.php(388): Zend_Db_Statement->__construct()
#2 D:\data\www\lib\gemstracker\r191\trunk\vendor\shardj\zf1-future\library\Zend\Db\Adapter\Abstract.php(479): Zend_Db_Adapter_Mysqli->prepare()
#3 D:\data\www\lib\gemstracker\r191\trunk\vendor\shardj\zf1-future\library\Zend\Db\Adapter\Abstract.php(759): Zend_Db_Adapter_Abstract->query()
#4 D:\data\www\lib\gemstracker\r191\trunk\vendor\gemstracker\gemstracker\classes\Gems\Tracker\Source\LimeSurvey1m9Database.php(1331): Zend_Db_Adapter_Abstract->fetchRow()
#5 D:\data\www\lib\gemstracker\r191\trunk\vendor\gemstracker\gemstracker\classes\Gems\Tracker\Source\LimeSurvey1m9Database.php(1433): Gems_Tracker_Source_LimeSurvey1m9Database->getTokenInfo()
#6 D:\data\www\lib\gemstracker\r191\trunk\vendor\gemstracker\gemstracker\classes\Gems\Tracker\Survey.php(628): Gems_Tracker_Source_LimeSurvey1m9Database->inSource()
#7 D:\data\www\lib\gemstracker\r191\trunk\vendor\gemstracker\gemstracker\classes\Gems\Tracker\Token.php(2046): Gems_Tracker_Survey->inSource()
#8 D:\data\www\lib\gemstracker\r191\trunk\vendor\gemstracker\gemstracker\classes\Gems\Tracker\RespondentTrack.php(1662): Gems_Tracker_Token->setReceptionCode()
#9 D:\data\www\lib\gemstracker\r191\trunk\vendor\gemstracker\gemstracker\classes\Gems\Snippets\Tracker\DeleteTrackSnippet.php(185): Gems_Tracker_RespondentTrack->setReceptionCode()
#10 D:\data\www\lib\gemstracker\r191\trunk\vendor\gemstracker\gemstracker\classes\Gems\Snippets\ReceptionCode\ChangeReceptionCodeSnippetAbstract.php(236): Gems\Snippets\Tracker\DeleteTrackSnippet->setReceptionCode()
#11 D:\data\www\lib\gemstracker\r191\trunk\vendor\magnafacta\mutil\src\MUtil\Snippets\ModelFormSnippetAbstract.php(589): Gems\Snippets\ReceptionCode\ChangeReceptionCodeSnippetAbstract->saveData()
#12 D:\data\www\lib\gemstracker\r191\trunk\vendor\magnafacta\mutil\src\MUtil\Snippets\ModelFormSnippetAbstract.php(446): MUtil_Snippets_ModelFormSnippetAbstract->processForm()
#13 D:\data\www\lib\gemstracker\r191\trunk\vendor\magnafacta\mutil\src\MUtil\Controller\Action.php(204): MUtil_Snippets_ModelFormSnippetAbstract->hasHtmlOutput()
#14 D:\data\www\lib\gemstracker\r191\trunk\vendor\gemstracker\gemstracker\classes\Gems\Default\TrackAction.php(695): MUtil_Controller_Action->addSnippets()
#15 D:\data\www\lib\gemstracker\r191\trunk\vendor\shardj\zf1-future\library\Zend\Controller\Action.php(516): Gems_Default_TrackAction->deleteTrackAction()
#16 D:\data\www\lib\gemstracker\r191\trunk\vendor\shardj\zf1-future\library\Zend\Controller\Dispatcher\Standard.php(308): Zend_Controller_Action->dispatch()
#17 D:\data\www\lib\gemstracker\r191\trunk\vendor\shardj\zf1-future\library\Zend\Controller\Front.php(954): Zend_Controller_Dispatcher_Standard->dispatch()
#18 D:\data\www\lib\gemstracker\r191\trunk\vendor\shardj\zf1-future\library\Zend\Application\Bootstrap\Bootstrap.php(105): Zend_Controller_Front->dispatch()
#19 D:\data\www\lib\gemstracker\r191\trunk\vendor\magnafacta\mutil\src\MUtil\Application\Escort.php(409): Zend_Application_Bootstrap_Bootstrap->run()
#20 D:\data\www\lib\gemstracker\r191\trunk\vendor\shardj\zf1-future\library\Zend\Application.php(400): MUtil_Application_Escort->run()
#21 D:\data\www\lib\gemstracker\r191\trunk\vendor\gemstracker\gemstracker\pre_bootstrap.php(56): Zend_Application->run()
#22 D:\data\www\html\knoond\index.php(113): require('D:\\data\\www\\lib...')
#23 {main}
2024-10-10T16:56:30+02:00 ERR (3): Class:     Zend_Db_Statement_Mysqli_Exception
2024-10-10T16:56:30+02:00 ERR (3): Message:   Mysqli prepare error: Table 'knoonddb.ls__tokens_817123' doesn't exist
2024-10-10T16:56:30+02:00 ERR (3): Stack trace:
2024-10-10T16:56:30+02:00 ERR (3): #0 D:\data\www\lib\gemstracker\r191\trunk\vendor\shardj\zf1-future\library\Zend\Db\Statement.php(115): Zend_Db_Statement_Mysqli->_prepare()
#1 D:\data\www\lib\gemstracker\r191\trunk\vendor\shardj\zf1-future\library\Zend\Db\Adapter\Mysqli.php(388): Zend_Db_Statement->__construct()
#2 D:\data\www\lib\gemstracker\r191\trunk\vendor\shardj\zf1-future\library\Zend\Db\Adapter\Abstract.php(479): Zend_Db_Adapter_Mysqli->prepare()
#3 D:\data\www\lib\gemstracker\r191\trunk\vendor\shardj\zf1-future\library\Zend\Db\Adapter\Abstract.php(759): Zend_Db_Adapter_Abstract->query()
#4 D:\data\www\lib\gemstracker\r191\trunk\vendor\gemstracker\gemstracker\classes\Gems\Tracker\Source\LimeSurvey1m9Database.php(1331): Zend_Db_Adapter_Abstract->fetchRow()
#5 D:\data\www\lib\gemstracker\r191\trunk\vendor\gemstracker\gemstracker\classes\Gems\Tracker\Source\LimeSurvey1m9Database.php(1433): Gems_Tracker_Source_LimeSurvey1m9Database->getTokenInfo()
#6 D:\data\www\lib\gemstracker\r191\trunk\vendor\gemstracker\gemstracker\classes\Gems\Tracker\Survey.php(628): Gems_Tracker_Source_LimeSurvey1m9Database->inSource()
#7 D:\data\www\lib\gemstracker\r191\trunk\vendor\gemstracker\gemstracker\classes\Gems\Tracker\Token.php(2046): Gems_Tracker_Survey->inSource()
#8 D:\data\www\lib\gemstracker\r191\trunk\vendor\gemstracker\gemstracker\classes\Gems\Tracker\Engine\StepEngineAbstract.php(302): Gems_Tracker_Token->setReceptionCode()
#9 D:\data\www\lib\gemstracker\r191\trunk\vendor\gemstracker\gemstracker\classes\Gems\Tracker\Engine\StepEngineAbstract.php(391): Gems_Tracker_Engine_StepEngineAbstract->checkTokenCondition()
#10 D:\data\www\lib\gemstracker\r191\trunk\vendor\gemstracker\gemstracker\classes\Gems\Tracker\Engine\AnyStepEngine.php(84): Gems_Tracker_Engine_StepEngineAbstract->checkTokensFrom()
#11 D:\data\www\lib\gemstracker\r191\trunk\vendor\gemstracker\gemstracker\classes\Gems\Tracker\Engine\StepEngineAbstract.php(413): Gems_Tracker_Engine_AnyStepEngine->checkTokensFrom()
#12 D:\data\www\lib\gemstracker\r191\trunk\vendor\gemstracker\gemstracker\classes\Gems\Tracker\RespondentTrack.php(627): Gems_Tracker_Engine_StepEngineAbstract->checkTokensFromStart()
#13 D:\data\www\lib\gemstracker\r191\trunk\vendor\gemstracker\gemstracker\classes\Gems\Tracker\Engine\TrackEngineAbstract.php(427): Gems_Tracker_RespondentTrack->checkTrackTokens()
#14 D:\data\www\lib\gemstracker\r191\trunk\vendor\gemstracker\gemstracker\classes\Gems\Snippets\Tracker\EditTrackSnippet.php(72): Gems_Tracker_Engine_TrackEngineAbstract->checkRoundsFor()
#15 D:\data\www\lib\gemstracker\r191\trunk\vendor\magnafacta\mutil\src\MUtil\Snippets\ModelFormSnippetAbstract.php(589): Gems\Snippets\Tracker\EditTrackSnippet->saveData()
#16 D:\data\www\lib\gemstracker\r191\trunk\vendor\magnafacta\mutil\src\MUtil\Snippets\ModelFormSnippetAbstract.php(446): MUtil_Snippets_ModelFormSnippetAbstract->processForm()
#17 D:\data\www\lib\gemstracker\r191\trunk\vendor\gemstracker\gemstracker\classes\Gems\Tracker\Snippets\EditTrackSnippetAbstract.php(248): MUtil_Snippets_ModelFormSnippetAbstract->hasHtmlOutput()
#18 D:\data\www\lib\gemstracker\r191\trunk\vendor\magnafacta\mutil\src\MUtil\Controller\Action.php(204): Gems_Tracker_Snippets_EditTrackSnippetAbstract->hasHtmlOutput()
#19 D:\data\www\lib\gemstracker\r191\trunk\vendor\gemstracker\gemstracker\classes\Gems\Default\TrackAction.php(632): MUtil_Controller_Action->addSnippets()
#20 D:\data\www\lib\gemstracker\r191\trunk\vendor\shardj\zf1-future\library\Zend\Controller\Action.php(516): Gems_Default_TrackAction->createAction()
#21 D:\data\www\lib\gemstracker\r191\trunk\vendor\shardj\zf1-future\library\Zend\Controller\Dispatcher\Standard.php(308): Zend_Controller_Action->dispatch()
#22 D:\data\www\lib\gemstracker\r191\trunk\vendor\shardj\zf1-future\library\Zend\Controller\Front.php(954): Zend_Controller_Dispatcher_Standard->dispatch()
#23 D:\data\www\lib\gemstracker\r191\trunk\vendor\shardj\zf1-future\library\Zend\Application\Bootstrap\Bootstrap.php(105): Zend_Controller_Front->dispatch()
#24 D:\data\www\lib\gemstracker\r191\trunk\vendor\magnafacta\mutil\src\MUtil\Application\Escort.php(409): Zend_Application_Bootstrap_Bootstrap->run()
#25 D:\data\www\lib\gemstracker\r191\trunk\vendor\shardj\zf1-future\library\Zend\Application.php(400): MUtil_Application_Escort->run()
#26 D:\data\www\lib\gemstracker\r191\trunk\vendor\gemstracker\gemstracker\pre_bootstrap.php(56): Zend_Application->run()
#27 D:\data\www\html\knoond\index.php(113): require('D:\\data\\www\\lib...')
#28 {main}
2024-10-10T16:56:30+02:00 ERR (3): Class:     Zend_Db_Statement_Mysqli_Exception
2024-10-10T16:56:30+02:00 ERR (3): Message:   Mysqli prepare error: Table 'knoonddb.ls__tokens_672861' doesn't exist
2024-10-10T16:56:30+02:00 ERR (3): Stack trace:
2024-10-10T16:56:30+02:00 ERR (3): #0 D:\data\www\lib\gemstracker\r191\trunk\vendor\shardj\zf1-future\library\Zend\Db\Statement.php(115): Zend_Db_Statement_Mysqli->_prepare()
#1 D:\data\www\lib\gemstracker\r191\trunk\vendor\shardj\zf1-future\library\Zend\Db\Adapter\Mysqli.php(388): Zend_Db_Statement->__construct()
#2 D:\data\www\lib\gemstracker\r191\trunk\vendor\shardj\zf1-future\library\Zend\Db\Adapter\Abstract.php(479): Zend_Db_Adapter_Mysqli->prepare()
#3 D:\data\www\lib\gemstracker\r191\trunk\vendor\shardj\zf1-future\library\Zend\Db\Adapter\Abstract.php(759): Zend_Db_Adapter_Abstract->query()
#4 D:\data\www\lib\gemstracker\r191\trunk\vendor\gemstracker\gemstracker\classes\Gems\Tracker\Source\LimeSurvey1m9Database.php(1331): Zend_Db_Adapter_Abstract->fetchRow()
#5 D:\data\www\lib\gemstracker\r191\trunk\vendor\gemstracker\gemstracker\classes\Gems\Tracker\Source\LimeSurvey1m9Database.php(1433): Gems_Tracker_Source_LimeSurvey1m9Database->getTokenInfo()
#6 D:\data\www\lib\gemstracker\r191\trunk\vendor\gemstracker\gemstracker\classes\Gems\Tracker\Survey.php(628): Gems_Tracker_Source_LimeSurvey1m9Database->inSource()
#7 D:\data\www\lib\gemstracker\r191\trunk\vendor\gemstracker\gemstracker\classes\Gems\Tracker\Token.php(2046): Gems_Tracker_Survey->inSource()
#8 D:\data\www\lib\gemstracker\r191\trunk\vendor\gemstracker\gemstracker\classes\Gems\Tracker\Engine\StepEngineAbstract.php(302): Gems_Tracker_Token->setReceptionCode()
#9 D:\data\www\lib\gemstracker\r191\trunk\vendor\gemstracker\gemstracker\classes\Gems\Tracker\Engine\StepEngineAbstract.php(391): Gems_Tracker_Engine_StepEngineAbstract->checkTokenCondition()
#10 D:\data\www\lib\gemstracker\r191\trunk\vendor\gemstracker\gemstracker\classes\Gems\Tracker\Engine\AnyStepEngine.php(84): Gems_Tracker_Engine_StepEngineAbstract->checkTokensFrom()
#11 D:\data\www\lib\gemstracker\r191\trunk\vendor\gemstracker\gemstracker\classes\Gems\Tracker\Engine\StepEngineAbstract.php(413): Gems_Tracker_Engine_AnyStepEngine->checkTokensFrom()
#12 D:\data\www\lib\gemstracker\r191\trunk\vendor\gemstracker\gemstracker\classes\Gems\Tracker\RespondentTrack.php(627): Gems_Tracker_Engine_StepEngineAbstract->checkTokensFromStart()
#13 D:\data\www\lib\gemstracker\r191\trunk\vendor\gemstracker\gemstracker\classes\Gems\Tracker\Engine\TrackEngineAbstract.php(427): Gems_Tracker_RespondentTrack->checkTrackTokens()
#14 D:\data\www\lib\gemstracker\r191\trunk\vendor\gemstracker\gemstracker\classes\Gems\Snippets\Tracker\EditTrackSnippet.php(72): Gems_Tracker_Engine_TrackEngineAbstract->checkRoundsFor()
#15 D:\data\www\lib\gemstracker\r191\trunk\vendor\magnafacta\mutil\src\MUtil\Snippets\ModelFormSnippetAbstract.php(589): Gems\Snippets\Tracker\EditTrackSnippet->saveData()
#16 D:\data\www\lib\gemstracker\r191\trunk\vendor\magnafacta\mutil\src\MUtil\Snippets\ModelFormSnippetAbstract.php(446): MUtil_Snippets_ModelFormSnippetAbstract->processForm()
#17 D:\data\www\lib\gemstracker\r191\trunk\vendor\gemstracker\gemstracker\classes\Gems\Tracker\Snippets\EditTrackSnippetAbstract.php(248): MUtil_Snippets_ModelFormSnippetAbstract->hasHtmlOutput()
#18 D:\data\www\lib\gemstracker\r191\trunk\vendor\magnafacta\mutil\src\MUtil\Controller\Action.php(204): Gems_Tracker_Snippets_EditTrackSnippetAbstract->hasHtmlOutput()
#19 D:\data\www\lib\gemstracker\r191\trunk\vendor\gemstracker\gemstracker\classes\Gems\Default\TrackAction.php(632): MUtil_Controller_Action->addSnippets()
#20 D:\data\www\lib\gemstracker\r191\trunk\vendor\shardj\zf1-future\library\Zend\Controller\Action.php(516): Gems_Default_TrackAction->createAction()
#21 D:\data\www\lib\gemstracker\r191\trunk\vendor\shardj\zf1-future\library\Zend\Controller\Dispatcher\Standard.php(308): Zend_Controller_Action->dispatch()
#22 D:\data\www\lib\gemstracker\r191\trunk\vendor\shardj\zf1-future\library\Zend\Controller\Front.php(954): Zend_Controller_Dispatcher_Standard->dispatch()
#23 D:\data\www\lib\gemstracker\r191\trunk\vendor\shardj\zf1-future\library\Zend\Application\Bootstrap\Bootstrap.php(105): Zend_Controller_Front->dispatch()
#24 D:\data\www\lib\gemstracker\r191\trunk\vendor\magnafacta\mutil\src\MUtil\Application\Escort.php(409): Zend_Application_Bootstrap_Bootstrap->run()
#25 D:\data\www\lib\gemstracker\r191\trunk\vendor\shardj\zf1-future\library\Zend\Application.php(400): MUtil_Application_Escort->run()
#26 D:\data\www\lib\gemstracker\r191\trunk\vendor\gemstracker\gemstracker\pre_bootstrap.php(56): Zend_Application->run()
#27 D:\data\www\html\knoond\index.php(113): require('D:\\data\\www\\lib...')
#28 {main}
2024-10-10T16:56:30+02:00 ERR (3): Class:     Zend_Db_Statement_Mysqli_Exception
2024-10-10T16:56:30+02:00 ERR (3): Message:   Mysqli prepare error: Table 'knoonddb.ls__tokens_387889' doesn't exist
2024-10-10T16:56:30+02:00 ERR (3): Stack trace:
2024-10-10T16:56:30+02:00 ERR (3): #0 D:\data\www\lib\gemstracker\r191\trunk\vendor\shardj\zf1-future\library\Zend\Db\Statement.php(115): Zend_Db_Statement_Mysqli->_prepare()
#1 D:\data\www\lib\gemstracker\r191\trunk\vendor\shardj\zf1-future\library\Zend\Db\Adapter\Mysqli.php(388): Zend_Db_Statement->__construct()
#2 D:\data\www\lib\gemstracker\r191\trunk\vendor\shardj\zf1-future\library\Zend\Db\Adapter\Abstract.php(479): Zend_Db_Adapter_Mysqli->prepare()
#3 D:\data\www\lib\gemstracker\r191\trunk\vendor\shardj\zf1-future\library\Zend\Db\Adapter\Abstract.php(759): Zend_Db_Adapter_Abstract->query()
#4 D:\data\www\lib\gemstracker\r191\trunk\vendor\gemstracker\gemstracker\classes\Gems\Tracker\Source\LimeSurvey1m9Database.php(1331): Zend_Db_Adapter_Abstract->fetchRow()
#5 D:\data\www\lib\gemstracker\r191\trunk\vendor\gemstracker\gemstracker\classes\Gems\Tracker\Source\LimeSurvey1m9Database.php(1433): Gems_Tracker_Source_LimeSurvey1m9Database->getTokenInfo()
#6 D:\data\www\lib\gemstracker\r191\trunk\vendor\gemstracker\gemstracker\classes\Gems\Tracker\Survey.php(628): Gems_Tracker_Source_LimeSurvey1m9Database->inSource()
#7 D:\data\www\lib\gemstracker\r191\trunk\vendor\gemstracker\gemstracker\classes\Gems\Tracker\Token.php(2046): Gems_Tracker_Survey->inSource()
#8 D:\data\www\lib\gemstracker\r191\trunk\vendor\gemstracker\gemstracker\classes\Gems\Tracker\Engine\StepEngineAbstract.php(302): Gems_Tracker_Token->setReceptionCode()
#9 D:\data\www\lib\gemstracker\r191\trunk\vendor\gemstracker\gemstracker\classes\Gems\Tracker\Engine\StepEngineAbstract.php(391): Gems_Tracker_Engine_StepEngineAbstract->checkTokenCondition()
#10 D:\data\www\lib\gemstracker\r191\trunk\vendor\gemstracker\gemstracker\classes\Gems\Tracker\Engine\AnyStepEngine.php(84): Gems_Tracker_Engine_StepEngineAbstract->checkTokensFrom()
#11 D:\data\www\lib\gemstracker\r191\trunk\vendor\gemstracker\gemstracker\classes\Gems\Tracker\Engine\StepEngineAbstract.php(413): Gems_Tracker_Engine_AnyStepEngine->checkTokensFrom()
#12 D:\data\www\lib\gemstracker\r191\trunk\vendor\gemstracker\gemstracker\classes\Gems\Tracker\RespondentTrack.php(627): Gems_Tracker_Engine_StepEngineAbstract->checkTokensFromStart()
#13 D:\data\www\lib\gemstracker\r191\trunk\vendor\gemstracker\gemstracker\classes\Gems\Tracker\Engine\TrackEngineAbstract.php(427): Gems_Tracker_RespondentTrack->checkTrackTokens()
#14 D:\data\www\lib\gemstracker\r191\trunk\vendor\gemstracker\gemstracker\classes\Gems\Snippets\Tracker\EditTrackSnippet.php(72): Gems_Tracker_Engine_TrackEngineAbstract->checkRoundsFor()
#15 D:\data\www\lib\gemstracker\r191\trunk\vendor\magnafacta\mutil\src\MUtil\Snippets\ModelFormSnippetAbstract.php(589): Gems\Snippets\Tracker\EditTrackSnippet->saveData()
#16 D:\data\www\lib\gemstracker\r191\trunk\vendor\magnafacta\mutil\src\MUtil\Snippets\ModelFormSnippetAbstract.php(446): MUtil_Snippets_ModelFormSnippetAbstract->processForm()
#17 D:\data\www\lib\gemstracker\r191\trunk\vendor\gemstracker\gemstracker\classes\Gems\Tracker\Snippets\EditTrackSnippetAbstract.php(248): MUtil_Snippets_ModelFormSnippetAbstract->hasHtmlOutput()
#18 D:\data\www\lib\gemstracker\r191\trunk\vendor\magnafacta\mutil\src\MUtil\Controller\Action.php(204): Gems_Tracker_Snippets_EditTrackSnippetAbstract->hasHtmlOutput()
#19 D:\data\www\lib\gemstracker\r191\trunk\vendor\gemstracker\gemstracker\classes\Gems\Default\TrackAction.php(632): MUtil_Controller_Action->addSnippets()
#20 D:\data\www\lib\gemstracker\r191\trunk\vendor\shardj\zf1-future\library\Zend\Controller\Action.php(516): Gems_Default_TrackAction->createAction()
#21 D:\data\www\lib\gemstracker\r191\trunk\vendor\shardj\zf1-future\library\Zend\Controller\Dispatcher\Standard.php(308): Zend_Controller_Action->dispatch()
#22 D:\data\www\lib\gemstracker\r191\trunk\vendor\shardj\zf1-future\library\Zend\Controller\Front.php(954): Zend_Controller_Dispatcher_Standard->dispatch()
#23 D:\data\www\lib\gemstracker\r191\trunk\vendor\shardj\zf1-future\library\Zend\Application\Bootstrap\Bootstrap.php(105): Zend_Controller_Front->dispatch()
#24 D:\data\www\lib\gemstracker\r191\trunk\vendor\magnafacta\mutil\src\MUtil\Application\Escort.php(409): Zend_Application_Bootstrap_Bootstrap->run()
#25 D:\data\www\lib\gemstracker\r191\trunk\vendor\shardj\zf1-future\library\Zend\Application.php(400): MUtil_Application_Escort->run()
#26 D:\data\www\lib\gemstracker\r191\trunk\vendor\gemstracker\gemstracker\pre_bootstrap.php(56): Zend_Application->run()
#27 D:\data\www\html\knoond\index.php(113): require('D:\\data\\www\\lib...')
#28 {main}
2024-10-10T16:56:30+02:00 ERR (3): Class:     Zend_Db_Statement_Mysqli_Exception
2024-10-10T16:56:30+02:00 ERR (3): Message:   Mysqli prepare error: Table 'knoonddb.ls__tokens_817123' doesn't exist
2024-10-10T16:56:30+02:00 ERR (3): Stack trace:
2024-10-10T16:56:30+02:00 ERR (3): #0 D:\data\www\lib\gemstracker\r191\trunk\vendor\shardj\zf1-future\library\Zend\Db\Statement.php(115): Zend_Db_Statement_Mysqli->_prepare()
#1 D:\data\www\lib\gemstracker\r191\trunk\vendor\shardj\zf1-future\library\Zend\Db\Adapter\Mysqli.php(388): Zend_Db_Statement->__construct()
#2 D:\data\www\lib\gemstracker\r191\trunk\vendor\shardj\zf1-future\library\Zend\Db\Adapter\Abstract.php(479): Zend_Db_Adapter_Mysqli->prepare()
#3 D:\data\www\lib\gemstracker\r191\trunk\vendor\shardj\zf1-future\library\Zend\Db\Adapter\Abstract.php(759): Zend_Db_Adapter_Abstract->query()
#4 D:\data\www\lib\gemstracker\r191\trunk\vendor\gemstracker\gemstracker\classes\Gems\Tracker\Source\LimeSurvey1m9Database.php(1331): Zend_Db_Adapter_Abstract->fetchRow()
#5 D:\data\www\lib\gemstracker\r191\trunk\vendor\gemstracker\gemstracker\classes\Gems\Tracker\Source\LimeSurvey1m9Database.php(1433): Gems_Tracker_Source_LimeSurvey1m9Database->getTokenInfo()
#6 D:\data\www\lib\gemstracker\r191\trunk\vendor\gemstracker\gemstracker\classes\Gems\Tracker\Survey.php(628): Gems_Tracker_Source_LimeSurvey1m9Database->inSource()
#7 D:\data\www\lib\gemstracker\r191\trunk\vendor\gemstracker\gemstracker\classes\Gems\Tracker\Token.php(2046): Gems_Tracker_Survey->inSource()
#8 D:\data\www\lib\gemstracker\r191\trunk\vendor\gemstracker\gemstracker\classes\Gems\Tracker\Engine\StepEngineAbstract.php(302): Gems_Tracker_Token->setReceptionCode()
#9 D:\data\www\lib\gemstracker\r191\trunk\vendor\gemstracker\gemstracker\classes\Gems\Tracker\Engine\StepEngineAbstract.php(391): Gems_Tracker_Engine_StepEngineAbstract->checkTokenCondition()
#10 D:\data\www\lib\gemstracker\r191\trunk\vendor\gemstracker\gemstracker\classes\Gems\Tracker\Engine\AnyStepEngine.php(84): Gems_Tracker_Engine_StepEngineAbstract->checkTokensFrom()
#11 D:\data\www\lib\gemstracker\r191\trunk\vendor\gemstracker\gemstracker\classes\Gems\Tracker\Engine\StepEngineAbstract.php(413): Gems_Tracker_Engine_AnyStepEngine->checkTokensFrom()
#12 D:\data\www\lib\gemstracker\r191\trunk\vendor\gemstracker\gemstracker\classes\Gems\Tracker\RespondentTrack.php(627): Gems_Tracker_Engine_StepEngineAbstract->checkTokensFromStart()
#13 D:\data\www\lib\gemstracker\r191\trunk\vendor\gemstracker\gemstracker\classes\Gems\Tracker\Engine\TrackEngineAbstract.php(427): Gems_Tracker_RespondentTrack->checkTrackTokens()
#14 D:\data\www\lib\gemstracker\r191\trunk\vendor\gemstracker\gemstracker\classes\Gems\Snippets\Tracker\EditTrackSnippet.php(72): Gems_Tracker_Engine_TrackEngineAbstract->checkRoundsFor()
#15 D:\data\www\lib\gemstracker\r191\trunk\vendor\magnafacta\mutil\src\MUtil\Snippets\ModelFormSnippetAbstract.php(589): Gems\Snippets\Tracker\EditTrackSnippet->saveData()
#16 D:\data\www\lib\gemstracker\r191\trunk\vendor\magnafacta\mutil\src\MUtil\Snippets\ModelFormSnippetAbstract.php(446): MUtil_Snippets_ModelFormSnippetAbstract->processForm()
#17 D:\data\www\lib\gemstracker\r191\trunk\vendor\gemstracker\gemstracker\classes\Gems\Tracker\Snippets\EditTrackSnippetAbstract.php(248): MUtil_Snippets_ModelFormSnippetAbstract->hasHtmlOutput()
#18 D:\data\www\lib\gemstracker\r191\trunk\vendor\magnafacta\mutil\src\MUtil\Controller\Action.php(204): Gems_Tracker_Snippets_EditTrackSnippetAbstract->hasHtmlOutput()
#19 D:\data\www\lib\gemstracker\r191\trunk\vendor\gemstracker\gemstracker\classes\Gems\Default\TrackAction.php(632): MUtil_Controller_Action->addSnippets()
#20 D:\data\www\lib\gemstracker\r191\trunk\vendor\shardj\zf1-future\library\Zend\Controller\Action.php(516): Gems_Default_TrackAction->createAction()
#21 D:\data\www\lib\gemstracker\r191\trunk\vendor\shardj\zf1-future\library\Zend\Controller\Dispatcher\Standard.php(308): Zend_Controller_Action->dispatch()
#22 D:\data\www\lib\gemstracker\r191\trunk\vendor\shardj\zf1-future\library\Zend\Controller\Front.php(954): Zend_Controller_Dispatcher_Standard->dispatch()
#23 D:\data\www\lib\gemstracker\r191\trunk\vendor\shardj\zf1-future\library\Zend\Application\Bootstrap\Bootstrap.php(105): Zend_Controller_Front->dispatch()
#24 D:\data\www\lib\gemstracker\r191\trunk\vendor\magnafacta\mutil\src\MUtil\Application\Escort.php(409): Zend_Application_Bootstrap_Bootstrap->run()
#25 D:\data\www\lib\gemstracker\r191\trunk\vendor\shardj\zf1-future\library\Zend\Application.php(400): MUtil_Application_Escort->run()
#26 D:\data\www\lib\gemstracker\r191\trunk\vendor\gemstracker\gemstracker\pre_bootstrap.php(56): Zend_Application->run()
#27 D:\data\www\html\knoond\index.php(113): require('D:\\data\\www\\lib...')
#28 {main}
2024-10-10T16:56:30+02:00 ERR (3): Class:     Zend_Db_Statement_Mysqli_Exception
2024-10-10T16:56:30+02:00 ERR (3): Message:   Mysqli prepare error: Table 'knoonddb.ls__tokens_672861' doesn't exist
2024-10-10T16:56:30+02:00 ERR (3): Stack trace:
2024-10-10T16:56:30+02:00 ERR (3): #0 D:\data\www\lib\gemstracker\r191\trunk\vendor\shardj\zf1-future\library\Zend\Db\Statement.php(115): Zend_Db_Statement_Mysqli->_prepare()
#1 D:\data\www\lib\gemstracker\r191\trunk\vendor\shardj\zf1-future\library\Zend\Db\Adapter\Mysqli.php(388): Zend_Db_Statement->__construct()
#2 D:\data\www\lib\gemstracker\r191\trunk\vendor\shardj\zf1-future\library\Zend\Db\Adapter\Abstract.php(479): Zend_Db_Adapter_Mysqli->prepare()
#3 D:\data\www\lib\gemstracker\r191\trunk\vendor\shardj\zf1-future\library\Zend\Db\Adapter\Abstract.php(759): Zend_Db_Adapter_Abstract->query()
#4 D:\data\www\lib\gemstracker\r191\trunk\vendor\gemstracker\gemstracker\classes\Gems\Tracker\Source\LimeSurvey1m9Database.php(1331): Zend_Db_Adapter_Abstract->fetchRow()
#5 D:\data\www\lib\gemstracker\r191\trunk\vendor\gemstracker\gemstracker\classes\Gems\Tracker\Source\LimeSurvey1m9Database.php(1433): Gems_Tracker_Source_LimeSurvey1m9Database->getTokenInfo()
#6 D:\data\www\lib\gemstracker\r191\trunk\vendor\gemstracker\gemstracker\classes\Gems\Tracker\Survey.php(628): Gems_Tracker_Source_LimeSurvey1m9Database->inSource()
#7 D:\data\www\lib\gemstracker\r191\trunk\vendor\gemstracker\gemstracker\classes\Gems\Tracker\Token.php(2046): Gems_Tracker_Survey->inSource()
#8 D:\data\www\lib\gemstracker\r191\trunk\vendor\gemstracker\gemstracker\classes\Gems\Tracker\Engine\StepEngineAbstract.php(302): Gems_Tracker_Token->setReceptionCode()
#9 D:\data\www\lib\gemstracker\r191\trunk\vendor\gemstracker\gemstracker\classes\Gems\Tracker\Engine\StepEngineAbstract.php(391): Gems_Tracker_Engine_StepEngineAbstract->checkTokenCondition()
#10 D:\data\www\lib\gemstracker\r191\trunk\vendor\gemstracker\gemstracker\classes\Gems\Tracker\Engine\AnyStepEngine.php(84): Gems_Tracker_Engine_StepEngineAbstract->checkTokensFrom()
#11 D:\data\www\lib\gemstracker\r191\trunk\vendor\gemstracker\gemstracker\classes\Gems\Tracker\Engine\StepEngineAbstract.php(413): Gems_Tracker_Engine_AnyStepEngine->checkTokensFrom()
#12 D:\data\www\lib\gemstracker\r191\trunk\vendor\gemstracker\gemstracker\classes\Gems\Tracker\RespondentTrack.php(627): Gems_Tracker_Engine_StepEngineAbstract->checkTokensFromStart()
#13 D:\data\www\lib\gemstracker\r191\trunk\vendor\gemstracker\gemstracker\classes\Gems\Tracker\Engine\TrackEngineAbstract.php(427): Gems_Tracker_RespondentTrack->checkTrackTokens()
#14 D:\data\www\lib\gemstracker\r191\trunk\vendor\gemstracker\gemstracker\classes\Gems\Snippets\Tracker\EditTrackSnippet.php(72): Gems_Tracker_Engine_TrackEngineAbstract->checkRoundsFor()
#15 D:\data\www\lib\gemstracker\r191\trunk\vendor\magnafacta\mutil\src\MUtil\Snippets\ModelFormSnippetAbstract.php(589): Gems\Snippets\Tracker\EditTrackSnippet->saveData()
#16 D:\data\www\lib\gemstracker\r191\trunk\vendor\magnafacta\mutil\src\MUtil\Snippets\ModelFormSnippetAbstract.php(446): MUtil_Snippets_ModelFormSnippetAbstract->processForm()
#17 D:\data\www\lib\gemstracker\r191\trunk\vendor\gemstracker\gemstracker\classes\Gems\Tracker\Snippets\EditTrackSnippetAbstract.php(248): MUtil_Snippets_ModelFormSnippetAbstract->hasHtmlOutput()
#18 D:\data\www\lib\gemstracker\r191\trunk\vendor\magnafacta\mutil\src\MUtil\Controller\Action.php(204): Gems_Tracker_Snippets_EditTrackSnippetAbstract->hasHtmlOutput()
#19 D:\data\www\lib\gemstracker\r191\trunk\vendor\gemstracker\gemstracker\classes\Gems\Default\TrackAction.php(632): MUtil_Controller_Action->addSnippets()
#20 D:\data\www\lib\gemstracker\r191\trunk\vendor\shardj\zf1-future\library\Zend\Controller\Action.php(516): Gems_Default_TrackAction->createAction()
#21 D:\data\www\lib\gemstracker\r191\trunk\vendor\shardj\zf1-future\library\Zend\Controller\Dispatcher\Standard.php(308): Zend_Controller_Action->dispatch()
#22 D:\data\www\lib\gemstracker\r191\trunk\vendor\shardj\zf1-future\library\Zend\Controller\Front.php(954): Zend_Controller_Dispatcher_Standard->dispatch()
#23 D:\data\www\lib\gemstracker\r191\trunk\vendor\shardj\zf1-future\library\Zend\Application\Bootstrap\Bootstrap.php(105): Zend_Controller_Front->dispatch()
#24 D:\data\www\lib\gemstracker\r191\trunk\vendor\magnafacta\mutil\src\MUtil\Application\Escort.php(409): Zend_Application_Bootstrap_Bootstrap->run()
#25 D:\data\www\lib\gemstracker\r191\trunk\vendor\shardj\zf1-future\library\Zend\Application.php(400): MUtil_Application_Escort->run()
#26 D:\data\www\lib\gemstracker\r191\trunk\vendor\gemstracker\gemstracker\pre_bootstrap.php(56): Zend_Application->run()
#27 D:\data\www\html\knoond\index.php(113): require('D:\\data\\www\\lib...')
#28 {main}
2024-10-10T16:56:30+02:00 ERR (3): Class:     Zend_Db_Statement_Mysqli_Exception
2024-10-10T16:56:30+02:00 ERR (3): Message:   Mysqli prepare error: Table 'knoonddb.ls__tokens_387889' doesn't exist
2024-10-10T16:56:30+02:00 ERR (3): Stack trace:
2024-10-10T16:56:30+02:00 ERR (3): #0 D:\data\www\lib\gemstracker\r191\trunk\vendor\shardj\zf1-future\library\Zend\Db\Statement.php(115): Zend_Db_Statement_Mysqli->_prepare()
#1 D:\data\www\lib\gemstracker\r191\trunk\vendor\shardj\zf1-future\library\Zend\Db\Adapter\Mysqli.php(388): Zend_Db_Statement->__construct()
#2 D:\data\www\lib\gemstracker\r191\trunk\vendor\shardj\zf1-future\library\Zend\Db\Adapter\Abstract.php(479): Zend_Db_Adapter_Mysqli->prepare()
#3 D:\data\www\lib\gemstracker\r191\trunk\vendor\shardj\zf1-future\library\Zend\Db\Adapter\Abstract.php(759): Zend_Db_Adapter_Abstract->query()
#4 D:\data\www\lib\gemstracker\r191\trunk\vendor\gemstracker\gemstracker\classes\Gems\Tracker\Source\LimeSurvey1m9Database.php(1331): Zend_Db_Adapter_Abstract->fetchRow()
#5 D:\data\www\lib\gemstracker\r191\trunk\vendor\gemstracker\gemstracker\classes\Gems\Tracker\Source\LimeSurvey1m9Database.php(1433): Gems_Tracker_Source_LimeSurvey1m9Database->getTokenInfo()
#6 D:\data\www\lib\gemstracker\r191\trunk\vendor\gemstracker\gemstracker\classes\Gems\Tracker\Survey.php(628): Gems_Tracker_Source_LimeSurvey1m9Database->inSource()
#7 D:\data\www\lib\gemstracker\r191\trunk\vendor\gemstracker\gemstracker\classes\Gems\Tracker\Token.php(2046): Gems_Tracker_Survey->inSource()
#8 D:\data\www\lib\gemstracker\r191\trunk\vendor\gemstracker\gemstracker\classes\Gems\Tracker\Engine\StepEngineAbstract.php(302): Gems_Tracker_Token->setReceptionCode()
#9 D:\data\www\lib\gemstracker\r191\trunk\vendor\gemstracker\gemstracker\classes\Gems\Tracker\Engine\StepEngineAbstract.php(391): Gems_Tracker_Engine_StepEngineAbstract->checkTokenCondition()
#10 D:\data\www\lib\gemstracker\r191\trunk\vendor\gemstracker\gemstracker\classes\Gems\Tracker\Engine\AnyStepEngine.php(84): Gems_Tracker_Engine_StepEngineAbstract->checkTokensFrom()
#11 D:\data\www\lib\gemstracker\r191\trunk\vendor\gemstracker\gemstracker\classes\Gems\Tracker\Engine\StepEngineAbstract.php(413): Gems_Tracker_Engine_AnyStepEngine->checkTokensFrom()
#12 D:\data\www\lib\gemstracker\r191\trunk\vendor\gemstracker\gemstracker\classes\Gems\Tracker\RespondentTrack.php(627): Gems_Tracker_Engine_StepEngineAbstract->checkTokensFromStart()
#13 D:\data\www\lib\gemstracker\r191\trunk\vendor\gemstracker\gemstracker\classes\Gems\Tracker\Engine\TrackEngineAbstract.php(427): Gems_Tracker_RespondentTrack->checkTrackTokens()
#14 D:\data\www\lib\gemstracker\r191\trunk\vendor\gemstracker\gemstracker\classes\Gems\Snippets\Tracker\EditTrackSnippet.php(72): Gems_Tracker_Engine_TrackEngineAbstract->checkRoundsFor()
#15 D:\data\www\lib\gemstracker\r191\trunk\vendor\magnafacta\mutil\src\MUtil\Snippets\ModelFormSnippetAbstract.php(589): Gems\Snippets\Tracker\EditTrackSnippet->saveData()
#16 D:\data\www\lib\gemstracker\r191\trunk\vendor\magnafacta\mutil\src\MUtil\Snippets\ModelFormSnippetAbstract.php(446): MUtil_Snippets_ModelFormSnippetAbstract->processForm()
#17 D:\data\www\lib\gemstracker\r191\trunk\vendor\gemstracker\gemstracker\classes\Gems\Tracker\Snippets\EditTrackSnippetAbstract.php(248): MUtil_Snippets_ModelFormSnippetAbstract->hasHtmlOutput()
#18 D:\data\www\lib\gemstracker\r191\trunk\vendor\magnafacta\mutil\src\MUtil\Controller\Action.php(204): Gems_Tracker_Snippets_EditTrackSnippetAbstract->hasHtmlOutput()
#19 D:\data\www\lib\gemstracker\r191\trunk\vendor\gemstracker\gemstracker\classes\Gems\Default\TrackAction.php(632): MUtil_Controller_Action->addSnippets()
#20 D:\data\www\lib\gemstracker\r191\trunk\vendor\shardj\zf1-future\library\Zend\Controller\Action.php(516): Gems_Default_TrackAction->createAction()
#21 D:\data\www\lib\gemstracker\r191\trunk\vendor\shardj\zf1-future\library\Zend\Controller\Dispatcher\Standard.php(308): Zend_Controller_Action->dispatch()
#22 D:\data\www\lib\gemstracker\r191\trunk\vendor\shardj\zf1-future\library\Zend\Controller\Front.php(954): Zend_Controller_Dispatcher_Standard->dispatch()
#23 D:\data\www\lib\gemstracker\r191\trunk\vendor\shardj\zf1-future\library\Zend\Application\Bootstrap\Bootstrap.php(105): Zend_Controller_Front->dispatch()
#24 D:\data\www\lib\gemstracker\r191\trunk\vendor\magnafacta\mutil\src\MUtil\Application\Escort.php(409): Zend_Application_Bootstrap_Bootstrap->run()
#25 D:\data\www\lib\gemstracker\r191\trunk\vendor\shardj\zf1-future\library\Zend\Application.php(400): MUtil_Application_Escort->run()
#26 D:\data\www\lib\gemstracker\r191\trunk\vendor\gemstracker\gemstracker\pre_bootstrap.php(56): Zend_Application->run()
#27 D:\data\www\html\knoond\index.php(113): require('D:\\data\\www\\lib...')
#28 {main}
2026-05-12T14:17:44+02:00 ERR (3): Cannot perform I/O operation outside of the base folder: C:\Windows\Temp
#0 D:\data\www\lib\gemstracker\r191\trunk\vendor\box\spout\src\Spout\Common\Helper\FileSystemHelper.php(37): Box\Spout\Common\Helper\FileSystemHelper->throwIfOperationNotInBaseFolder()
#1 D:\data\www\lib\gemstracker\r191\trunk\vendor\box\spout\src\Spout\Writer\XLSX\Helper\FileSystemHelper.php(109): Box\Spout\Common\Helper\FileSystemHelper->createFolder()
#2 D:\data\www\lib\gemstracker\r191\trunk\vendor\box\spout\src\Spout\Writer\XLSX\Helper\FileSystemHelper.php(84): Box\Spout\Writer\XLSX\Helper\FileSystemHelper->createRelsFolderAndFile()
#3 D:\data\www\lib\gemstracker\r191\trunk\vendor\box\spout\src\Spout\Writer\XLSX\Internal\Workbook.php(52): Box\Spout\Writer\XLSX\Helper\FileSystemHelper->createBaseFilesAndFolders()
#4 D:\data\www\lib\gemstracker\r191\trunk\vendor\box\spout\src\Spout\Writer\XLSX\Writer.php(77): Box\Spout\Writer\XLSX\Internal\Workbook->__construct()
#5 D:\data\www\lib\gemstracker\r191\trunk\vendor\box\spout\src\Spout\Writer\AbstractWriter.php(117): Box\Spout\Writer\XLSX\Writer->openWriter()
#6 D:\data\www\lib\gemstracker\r191\trunk\vendor\gemstracker\gemstracker\classes\Gems\Export\StreamingExcelExport.php(91): Box\Spout\Writer\AbstractWriter->openToFile()
#7 D:\data\www\lib\gemstracker\r191\trunk\vendor\gemstracker\gemstracker\classes\Gems\Export\ExportAbstract.php(169): Gems\Export\StreamingExcelExport->addheader()
#8 D:\data\www\lib\gemstracker\r191\trunk\vendor\gemstracker\gemstracker\classes\Gems\Task\Export\ExportCommand.php(41): Gems\Export\ExportAbstract->addExport()
#9 D:\data\www\lib\gemstracker\r191\trunk\vendor\magnafacta\mutil\src\MUtil\Task\TaskBatch.php(170): Gems_Task_Export_ExportCommand->execute()
#10 D:\data\www\lib\gemstracker\r191\trunk\vendor\magnafacta\mutil\src\MUtil\Batch\BatchAbstract.php(1331): MUtil_Task_TaskBatch->runTask()
#11 D:\data\www\lib\gemstracker\r191\trunk\vendor\magnafacta\mutil\src\MUtil\Batch\BatchAbstract.php(1003): MUtil_Batch_BatchAbstract->step()
#12 D:\data\www\lib\gemstracker\r191\trunk\vendor\gemstracker\gemstracker\classes\Gems\Controller\ModelSnippetActionAbstract.php(361): MUtil_Batch_BatchAbstract->run()
#13 D:\data\www\lib\gemstracker\r191\trunk\vendor\shardj\zf1-future\library\Zend\Controller\Action.php(516): Gems_Controller_ModelSnippetActionAbstract->exportAction()
#14 D:\data\www\lib\gemstracker\r191\trunk\vendor\shardj\zf1-future\library\Zend\Controller\Dispatcher\Standard.php(308): Zend_Controller_Action->dispatch()
#15 D:\data\www\lib\gemstracker\r191\trunk\vendor\shardj\zf1-future\library\Zend\Controller\Front.php(954): Zend_Controller_Dispatcher_Standard->dispatch()
#16 D:\data\www\lib\gemstracker\r191\trunk\vendor\shardj\zf1-future\library\Zend\Application\Bootstrap\Bootstrap.php(105): Zend_Controller_Front->dispatch()
#17 D:\data\www\lib\gemstracker\r191\trunk\vendor\magnafacta\mutil\src\MUtil\Application\Escort.php(409): Zend_Application_Bootstrap_Bootstrap->run()
#18 D:\data\www\lib\gemstracker\r191\trunk\vendor\shardj\zf1-future\library\Zend\Application.php(400): MUtil_Application_Escort->run()
#19 D:\data\www\lib\gemstracker\r191\trunk\vendor\gemstracker\gemstracker\pre_bootstrap.php(56): Zend_Application->run()
#20 D:\data\www\html\knoond\index.php(113): require('D:\\data\\www\\lib...')
#21 {main}
